Year,Area,V Grade,Days,Sessions,Distinct Boulders,Completed,Flashed,Total Attempts,Total Minutes,Completion Rate,Success Rate,Flash Rate,Bounty Extra Soft,Soft,Hard,FA
All-Time,All Areas,All Grades,403,1232,1028,815,249,8499,36825,0.793,0.662,0.242,8,118,95,11
All-Time,All Areas,11.0,17,17,9,1,0,244,1105,0.111,0.059,0.000,0,0,0,0
All-Time,All Areas,10.0,61,69,42,12,0,874,3671,0.286,0.174,0.000,0,9,1,0
All-Time,All Areas,9.0,90,126,86,42,0,1473,6795,0.488,0.333,0.000,1,18,4,0
All-Time,All Areas,8.5,1,1,1,0,0,30,150,0.000,0.000,0.000,0,0,0,0
All-Time,All Areas,8.0,113,148,114,69,3,1375,6066,0.605,0.466,0.026,2,26,5,1
All-Time,All Areas,7.5,23,26,23,15,0,276,1235,0.652,0.577,0.000,0,3,2,0
All-Time,All Areas,7.0,126,162,125,100,10,1250,5683,0.800,0.617,0.080,4,17,11,2
All-Time,All Areas,6.0,141,182,156,132,23,1156,5637,0.846,0.725,0.147,0,19,19,4
All-Time,All Areas,5.5,15,20,18,16,7,111,366,0.889,0.800,0.389,0,4,3,0
All-Time,All Areas,5.0,111,143,132,117,33,723,2849,0.886,0.818,0.250,1,13,18,1
All-Time,All Areas,4.5,6,8,8,8,5,21,65,1.000,1.000,0.625,0,1,1,0
All-Time,All Areas,4.0,109,147,138,134,63,509,1915,0.971,0.912,0.457,0,5,16,0
All-Time,All Areas,3.5,3,5,5,5,4,9,19,1.000,1.000,0.800,0,0,1,0
All-Time,All Areas,3.0,75,89,84,79,43,287,864,0.940,0.888,0.512,0,2,7,0
All-Time,All Areas,2.0,40,44,42,41,23,99,295,0.976,0.932,0.548,0,0,5,1
All-Time,All Areas,1.0,19,21,21,21,17,28,42,1.000,1.000,0.810,0,0,1,2
All-Time,All Areas,0.0,21,24,24,23,18,34,68,0.958,0.958,0.750,0,1,1,0
Last 365,All Areas,All Grades,17,33,32,23,2,191,972,0.719,0.697,0.063,0,6,2,2
Last 365,All Areas,10.0,1,1,1,0,0,5,45,0.000,0.000,0.000,0,0,0,0
Last 365,All Areas,9.0,1,1,1,0,0,5,15,0.000,0.000,0.000,0,0,0,0
Last 365,All Areas,8.0,4,4,4,2,0,32,170,0.500,0.500,0.000,0,2,0,0
Last 365,All Areas,7.0,6,7,6,4,0,46,275,0.667,0.571,0.000,0,1,0,1
Last 365,All Areas,6.0,6,9,9,8,1,38,161,0.889,0.889,0.111,0,3,0,1
Last 365,All Areas,5.0,3,4,4,3,0,47,255,0.750,0.750,0.000,0,0,1,0
Last 365,All Areas,4.0,5,6,6,5,1,16,49,0.833,0.833,0.167,0,0,1,0
Last 365,All Areas,2.0,1,1,1,1,0,2,2,1.000,1.000,0.000,0,0,0,0
2026,All Areas,All Grades,12,23,23,17,1,158,826,0.739,0.739,0.043,0,4,1,1
2026,All Areas,9.0,1,1,1,0,0,5,15,0.000,0.000,0.000,0,0,0,0
2026,All Areas,8.0,4,4,4,2,0,32,170,0.500,0.500,0.000,0,2,0,0
2026,All Areas,7.0,5,6,6,4,0,41,255,0.667,0.667,0.000,0,1,0,1
2026,All Areas,6.0,5,7,7,6,0,35,155,0.857,0.857,0.000,0,1,0,0
2026,All Areas,5.0,2,2,2,2,0,34,190,1.000,1.000,0.000,0,0,0,0
2026,All Areas,4.0,3,3,3,3,1,11,41,1.000,1.000,0.333,0,0,1,0
2025,All Areas,All Grades,5,10,10,7,1,33,146,0.700,0.700,0.100,0,2,1,2
2025,All Areas,10.0,1,1,1,0,0,5,45,0.000,0.000,0.000,0,0,0,0
2025,All Areas,7.0,1,1,1,1,0,5,20,1.000,1.000,0.000,0,0,0,1
2025,All Areas,6.0,1,2,2,2,1,3,6,1.000,1.000,0.500,0,2,0,1
2025,All Areas,5.0,1,2,2,1,0,13,65,0.500,0.500,0.000,0,0,1,0
2025,All Areas,4.0,2,3,3,2,0,5,8,0.667,0.667,0.000,0,0,0,0
2025,All Areas,2.0,1,1,1,1,0,2,2,1.000,1.000,0.000,0,0,0,0
2024,All Areas,All Grades,21,71,70,47,23,416,1918,0.671,0.662,0.329,0,7,3,0
2024,All Areas,11.0,1,1,1,0,0,10,30,0.000,0.000,0.000,0,0,0,0
2024,All Areas,10.0,5,5,5,0,0,63,265,0.000,0.000,0.000,0,0,0,0
2024,All Areas,9.0,7,9,9,4,0,103,580,0.444,0.444,0.000,0,2,0,0
2024,All Areas,8.0,6,6,5,3,0,57,290,0.600,0.500,0.000,0,1,0,0
2024,All Areas,7.5,4,4,4,1,0,53,285,0.250,0.250,0.000,0,0,0,0
2024,All Areas,7.0,6,6,6,4,0,40,185,0.667,0.667,0.000,0,0,0,0
2024,All Areas,6.0,10,10,10,9,3,36,158,0.900,0.900,0.300,0,1,1,0
2024,All Areas,5.5,2,3,3,2,2,4,7,0.667,0.667,0.667,0,1,0,0
2024,All Areas,5.0,7,10,10,9,6,24,66,0.900,0.900,0.600,0,2,0,0
2024,All Areas,4.5,1,1,1,1,1,1,1,1.000,1.000,1.000,0,0,0,0
2024,All Areas,4.0,5,8,8,8,7,9,12,1.000,1.000,0.875,0,0,1,0
2024,All Areas,3.0,5,5,5,5,3,8,18,1.000,1.000,0.600,0,0,1,0
2024,All Areas,2.0,1,1,1,0,0,4,10,0.000,0.000,0.000,0,0,0,0
2024,All Areas,0.0,2,2,2,1,1,4,11,0.500,0.500,0.500,0,0,0,0
2023,All Areas,All Grades,9,25,23,14,5,130,606,0.609,0.560,0.217,0,3,0,0
2023,All Areas,11.0,2,2,2,0,0,7,20,0.000,0.000,0.000,0,0,0,0
2023,All Areas,9.0,1,2,2,0,0,13,35,0.000,0.000,0.000,0,0,0,0
2023,All Areas,8.0,3,5,4,3,0,34,151,0.750,0.600,0.000,0,1,0,0
2023,All Areas,7.0,2,2,1,1,0,8,30,1.000,0.500,0.000,0,0,0,0
2023,All Areas,6.0,3,3,3,1,1,26,141,0.333,0.333,0.333,0,0,0,0
2023,All Areas,5.0,4,5,5,3,1,19,121,0.600,0.600,0.200,0,1,0,0
2023,All Areas,4.0,2,3,3,3,2,17,92,1.000,1.000,0.667,0,1,0,0
2023,All Areas,3.0,1,1,1,1,0,2,5,1.000,1.000,0.000,0,0,0,0
2023,All Areas,2.0,2,2,2,2,1,4,11,1.000,1.000,0.500,0,0,0,0
2022,All Areas,All Grades,51,155,124,90,27,1207,5221,0.726,0.581,0.218,0,15,9,2
2022,All Areas,11.0,8,8,3,1,0,165,795,0.333,0.125,0.000,0,0,0,0
2022,All Areas,10.0,10,11,9,2,0,130,570,0.222,0.182,0.000,0,2,0,0
2022,All Areas,9.0,13,14,11,2,0,111,490,0.182,0.143,0.000,0,2,0,0
2022,All Areas,8.0,14,17,13,10,0,150,686,0.769,0.588,0.000,0,7,0,0
2022,All Areas,7.0,12,13,9,6,0,132,620,0.667,0.462,0.000,0,1,1,0
2022,All Areas,6.0,20,25,19,16,0,236,1135,0.842,0.640,0.000,0,0,3,2
2022,All Areas,5.5,3,3,1,0,0,45,135,0.000,0.000,0.000,0,0,0,0
2022,All Areas,5.0,11,11,11,8,2,49,148,0.727,0.727,0.182,0,1,1,0
2022,All Areas,4.0,15,17,14,13,6,82,336,0.929,0.765,0.429,0,1,2,0
2022,All Areas,3.0,13,19,17,15,7,77,231,0.882,0.789,0.412,0,1,0,0
2022,All Areas,2.0,6,6,6,6,3,17,63,1.000,1.000,0.500,0,0,2,0
2022,All Areas,1.0,4,5,5,5,5,5,5,1.000,1.000,1.000,0,0,0,0
2022,All Areas,0.0,6,6,6,6,4,8,7,1.000,1.000,0.667,0,0,0,0
2021,All Areas,All Grades,15,35,33,20,4,300,1249,0.606,0.571,0.121,0,1,1,0
2021,All Areas,10.0,6,6,4,0,0,60,210,0.000,0.000,0.000,0,0,0,0
2021,All Areas,9.0,3,3,3,1,0,40,225,0.333,0.333,0.000,0,0,0,0
2021,All Areas,8.0,4,4,4,2,0,60,225,0.500,0.500,0.000,0,0,0,0
2021,All Areas,7.0,6,8,8,6,0,78,340,0.750,0.750,0.000,0,0,1,0
2021,All Areas,6.0,4,4,4,3,0,33,130,0.750,0.750,0.000,0,1,0,0
2021,All Areas,5.0,3,3,3,2,0,13,45,0.667,0.667,0.000,0,0,0,0
2021,All Areas,4.0,3,3,3,3,2,7,22,1.000,1.000,0.667,0,0,0,0
2021,All Areas,3.0,3,3,3,2,2,7,47,0.667,0.667,0.667,0,0,0,0
2021,All Areas,0.0,1,1,1,1,0,2,5,1.000,1.000,0.000,0,0,0,0
2020,All Areas,All Grades,10,26,21,16,2,127,508,0.762,0.615,0.095,0,0,0,1
2020,All Areas,10.0,1,1,1,0,0,15,60,0.000,0.000,0.000,0,0,0,0
2020,All Areas,8.0,1,1,1,1,0,10,20,1.000,1.000,0.000,0,0,0,0
2020,All Areas,7.5,2,2,1,0,0,15,60,0.000,0.000,0.000,0,0,0,0
2020,All Areas,7.0,3,6,5,4,0,27,125,0.800,0.667,0.000,0,0,0,1
2020,All Areas,5.5,1,1,1,1,0,8,45,1.000,1.000,0.000,0,0,0,0
2020,All Areas,5.0,5,9,6,4,0,38,162,0.667,0.444,0.000,0,0,0,0
2020,All Areas,4.0,4,4,4,4,1,11,33,1.000,1.000,0.250,0,0,0,0
2020,All Areas,3.0,1,1,1,1,0,2,2,1.000,1.000,0.000,0,0,0,0
2020,All Areas,2.0,1,1,1,1,1,1,1,1.000,1.000,1.000,0,0,0,0
2018,All Areas,All Grades,66,233,214,157,37,1808,6968,0.734,0.674,0.173,3,31,24,2
2018,All Areas,11.0,4,4,3,0,0,50,225,0.000,0.000,0.000,0,0,0,0
2018,All Areas,10.0,20,22,13,6,0,313,1226,0.462,0.273,0.000,0,4,1,0
2018,All Areas,9.0,22,25,22,13,0,328,1350,0.591,0.520,0.000,1,5,1,0
2018,All Areas,8.5,1,1,1,0,0,30,150,0.000,0.000,0.000,0,0,0,0
2018,All Areas,8.0,23,30,27,14,1,270,1132,0.519,0.467,0.037,1,5,1,0
2018,All Areas,7.5,12,14,14,10,0,153,630,0.714,0.714,0.000,0,3,2,0
2018,All Areas,7.0,24,26,25,17,2,198,712,0.680,0.654,0.080,0,5,1,0
2018,All Areas,6.0,22,27,27,22,2,168,787,0.815,0.815,0.074,0,1,6,0
2018,All Areas,5.5,7,11,11,11,4,51,168,1.000,1.000,0.364,0,3,3,0
2018,All Areas,5.0,19,24,24,21,4,96,262,0.875,0.875,0.167,1,4,3,0
2018,All Areas,4.5,2,2,2,2,0,13,30,1.000,1.000,0.000,0,0,1,0
2018,All Areas,4.0,17,23,22,21,12,61,129,0.955,0.913,0.545,0,0,2,0
2018,All Areas,3.5,1,1,1,1,0,5,15,1.000,1.000,0.000,0,0,0,0
2018,All Areas,3.0,11,11,11,8,4,47,104,0.727,0.727,0.364,0,1,1,0
2018,All Areas,2.0,6,6,5,5,3,18,38,1.000,0.833,0.600,0,0,0,1
2018,All Areas,1.0,3,3,3,3,2,4,7,1.000,1.000,0.667,0,0,1,1
2018,All Areas,0.0,3,3,3,3,3,3,3,1.000,1.000,1.000,0,0,1,0
2017,All Areas,All Grades,31,76,61,38,8,644,3098,0.623,0.500,0.131,0,7,5,0
2017,All Areas,11.0,1,1,1,0,0,10,30,0.000,0.000,0.000,0,0,0,0
2017,All Areas,10.0,4,6,4,2,0,95,425,0.500,0.333,0.000,0,2,0,0
2017,All Areas,9.0,11,17,11,6,0,195,980,0.545,0.353,0.000,0,4,1,0
2017,All Areas,8.0,11,12,11,3,0,114,595,0.273,0.250,0.000,0,0,1,0
2017,All Areas,7.0,12,17,12,7,0,119,565,0.583,0.412,0.000,0,1,1,0
2017,All Areas,6.0,8,10,10,8,3,56,278,0.800,0.800,0.300,0,0,1,0
2017,All Areas,5.0,3,4,4,4,0,30,145,1.000,1.000,0.000,0,0,0,0
2017,All Areas,4.0,2,3,2,2,1,16,61,1.000,0.667,0.500,0,0,1,0
2017,All Areas,3.0,4,5,5,5,4,7,9,1.000,1.000,0.800,0,0,0,0
2017,All Areas,2.0,1,1,1,1,0,2,10,1.000,1.000,0.000,0,0,0,0
2016,All Areas,All Grades,57,165,147,113,32,941,4657,0.769,0.685,0.218,3,13,18,1
2016,All Areas,10.0,5,6,5,0,0,93,445,0.000,0.000,0.000,0,0,0,0
2016,All Areas,9.0,7,11,7,5,0,98,680,0.714,0.455,0.000,0,3,0,0
2016,All Areas,8.0,15,19,18,8,0,142,625,0.444,0.421,0.000,0,3,0,0
2016,All Areas,7.0,22,29,25,19,2,231,1078,0.760,0.655,0.080,3,1,3,0
2016,All Areas,6.0,25,40,33,26,5,223,1247,0.788,0.650,0.152,0,5,6,0
2016,All Areas,5.0,15,19,19,16,6,69,291,0.842,0.842,0.316,0,1,2,0
2016,All Areas,4.0,18,20,19,18,9,40,159,0.947,0.900,0.474,0,0,3,0
2016,All Areas,3.0,7,8,8,8,5,14,30,1.000,1.000,0.625,0,0,1,0
2016,All Areas,2.0,8,8,8,8,3,20,83,1.000,1.000,0.375,0,0,3,0
2016,All Areas,1.0,3,4,4,4,2,9,17,1.000,1.000,0.500,0,0,0,1
2016,All Areas,0.0,1,1,1,1,0,2,2,1.000,1.000,0.000,0,0,0,0
2015,All Areas,All Grades,32,111,90,72,21,789,3688,0.800,0.649,0.233,2,16,10,1
2015,All Areas,10.0,3,4,3,1,0,37,180,0.333,0.250,0.000,0,1,0,0
2015,All Areas,9.0,9,13,9,4,0,215,785,0.444,0.308,0.000,0,1,2,0
2015,All Areas,8.0,10,17,12,9,1,163,746,0.750,0.529,0.083,1,4,1,1
2015,All Areas,7.0,11,18,12,10,2,132,802,0.833,0.556,0.167,1,4,1,0
2015,All Areas,6.0,16,20,19,14,0,111,572,0.737,0.700,0.000,0,2,2,0
2015,All Areas,5.0,7,11,8,8,3,67,338,1.000,0.727,0.375,0,1,1,0
2015,All Areas,4.0,10,17,17,17,8,37,148,1.000,1.000,0.471,0,2,3,0
2015,All Areas,3.0,4,5,4,3,2,17,82,0.750,0.600,0.500,0,0,0,0
2015,All Areas,2.0,1,1,1,1,1,1,1,1.000,1.000,1.000,0,0,0,0
2015,All Areas,1.0,1,1,1,1,1,1,1,1.000,1.000,1.000,0,0,0,0
2015,All Areas,0.0,3,4,4,4,3,8,33,1.000,1.000,0.750,0,1,0,0
2014,All Areas,All Grades,26,92,88,73,39,423,1759,0.830,0.793,0.443,0,5,8,0
2014,All Areas,11.0,1,1,1,0,0,2,5,0.000,0.000,0.000,0,0,0,0
2014,All Areas,10.0,6,7,6,4,0,63,245,0.667,0.571,0.000,0,2,1,0
2014,All Areas,9.0,9,11,9,2,0,105,465,0.222,0.182,0.000,0,0,0,0
2014,All Areas,8.0,7,9,8,5,1,71,326,0.625,0.556,0.125,0,1,1,0
2014,All Areas,7.5,5,6,6,5,0,55,260,0.833,0.833,0.000,0,0,0,0
2014,All Areas,7.0,6,8,8,7,3,32,148,0.875,0.875,0.375,0,0,0,0
2014,All Areas,6.0,7,9,9,9,3,34,143,1.000,1.000,0.333,0,1,1,0
2014,All Areas,5.5,2,2,2,2,1,3,11,1.000,1.000,0.500,0,0,0,0
2014,All Areas,5.0,9,12,12,12,7,25,72,1.000,1.000,0.583,0,0,2,0
2014,All Areas,4.5,3,5,5,5,4,7,34,1.000,1.000,0.800,0,1,0,0
2014,All Areas,4.0,2,3,3,3,2,5,17,1.000,1.000,0.667,0,0,0,0
2014,All Areas,3.5,2,4,4,4,4,4,4,1.000,1.000,1.000,0,0,1,0
2014,All Areas,3.0,7,7,7,7,6,9,21,1.000,1.000,0.857,0,0,2,0
2014,All Areas,2.0,5,6,6,6,6,6,6,1.000,1.000,1.000,0,0,0,0
2014,All Areas,1.0,1,1,1,1,1,1,1,1.000,1.000,1.000,0,0,0,0
2014,All Areas,0.0,1,1,1,1,1,1,1,1.000,1.000,1.000,0,0,0,0
2013,All Areas,All Grades,14,34,27,23,4,196,861,0.852,0.676,0.148,0,3,4,0
2013,All Areas,9.0,1,5,1,1,0,50,300,1.000,0.200,0.000,0,0,0,0
2013,All Areas,8.0,5,7,6,3,0,50,190,0.500,0.429,0.000,0,1,0,0
2013,All Areas,7.0,3,4,3,3,0,19,67,1.000,0.750,0.000,0,2,0,0
2013,All Areas,6.0,2,2,2,1,0,23,80,0.500,0.500,0.000,0,0,1,0
2013,All Areas,5.0,6,7,6,6,1,32,141,1.000,0.857,0.167,0,0,1,0
2013,All Areas,4.0,3,4,4,4,0,14,60,1.000,1.000,0.000,0,0,1,0
2013,All Areas,3.0,1,1,1,1,0,3,15,1.000,1.000,0.000,0,0,1,0
2013,All Areas,1.0,2,2,2,2,1,3,6,1.000,1.000,0.500,0,0,0,0
2013,All Areas,0.0,1,2,2,2,2,2,2,1.000,1.000,1.000,0,0,0,0
2012,All Areas,All Grades,21,79,73,68,25,461,1705,0.932,0.861,0.342,0,4,10,2
2012,All Areas,9.0,2,4,2,1,0,50,200,0.500,0.250,0.000,0,0,0,0
2012,All Areas,8.0,3,6,5,3,0,57,250,0.600,0.500,0.000,0,2,0,0
2012,All Areas,7.0,7,9,7,6,1,108,371,0.857,0.667,0.143,0,1,3,0
2012,All Areas,6.0,5,5,5,4,0,58,245,0.800,0.800,0.000,0,0,1,1
2012,All Areas,5.0,9,11,11,11,2,48,182,1.000,1.000,0.182,0,1,3,1
2012,All Areas,4.0,11,16,16,16,6,72,266,1.000,1.000,0.375,0,0,2,0
2012,All Areas,3.0,11,13,13,13,6,41,121,1.000,1.000,0.462,0,0,1,0
2012,All Areas,2.0,6,9,8,8,4,21,64,1.000,0.889,0.500,0,0,0,0
2012,All Areas,1.0,2,2,2,2,2,2,2,1.000,1.000,1.000,0,0,0,0
2012,All Areas,0.0,3,4,4,4,4,4,4,1.000,1.000,1.000,0,0,0,0
2011,All Areas,All Grades,15,50,38,37,8,467,1963,0.974,0.740,0.211,0,6,4,0
2011,All Areas,9.0,4,11,4,4,0,160,690,1.000,0.364,0.000,0,1,0,0
2011,All Areas,8.0,4,7,5,5,0,95,465,1.000,0.714,0.000,0,1,1,0
2011,All Areas,7.0,3,5,4,4,0,40,180,1.000,0.800,0.000,0,1,0,0
2011,All Areas,6.0,6,9,9,8,4,33,184,0.889,0.889,0.444,0,3,0,0
2011,All Areas,5.0,5,6,5,5,1,81,201,1.000,0.833,0.200,0,0,2,0
2011,All Areas,4.0,6,8,7,7,2,49,212,1.000,0.875,0.286,0,0,1,0
2011,All Areas,3.0,2,2,2,2,0,6,25,1.000,1.000,0.000,0,0,0,0
2011,All Areas,2.0,1,1,1,1,0,2,5,1.000,1.000,0.000,0,0,0,0
2011,All Areas,1.0,1,1,1,1,1,1,1,1.000,1.000,1.000,0,0,0,0
2010,All Areas,All Grades,14,40,37,34,9,346,1469,0.919,0.850,0.243,0,4,2,0
2010,All Areas,8.0,3,4,3,2,0,70,195,0.667,0.500,0.000,0,0,0,0
2010,All Areas,7.0,3,4,4,3,0,40,185,0.750,0.750,0.000,0,0,0,0
2010,All Areas,6.0,7,9,9,8,1,81,376,0.889,0.889,0.111,0,2,0,0
2010,All Areas,5.0,5,7,6,6,0,85,420,1.000,0.857,0.000,0,2,2,0
2010,All Areas,4.0,3,8,7,7,2,51,242,1.000,0.875,0.286,0,0,0,0
2010,All Areas,3.0,3,6,6,6,4,17,49,1.000,1.000,0.667,0,0,0,0
2010,All Areas,2.0,1,1,1,1,1,1,1,1.000,1.000,1.000,0,0,0,0
2010,All Areas,1.0,1,1,1,1,1,1,1,1.000,1.000,1.000,0,0,0,0
2009,All Areas,All Grades,2,5,5,5,2,42,137,1.000,1.000,0.400,0,0,0,0
2009,All Areas,4.0,1,2,2,2,1,11,31,1.000,1.000,0.500,0,0,0,0
2009,All Areas,3.0,2,2,2,2,0,30,105,1.000,1.000,0.000,0,0,0,0
2009,All Areas,1.0,1,1,1,1,1,1,1,1.000,1.000,1.000,0,0,0,0
2008,All Areas,All Grades,2,2,2,2,1,11,46,1.000,1.000,0.500,0,1,0,0
2008,All Areas,4.0,2,2,2,2,1,11,46,1.000,1.000,0.500,0,1,0,0
All-Time,Berkeley,All Grades,6,19,16,15,3,173,803,0.938,0.789,0.188,0,3,1,0
All-Time,Berkeley,9.0,1,2,1,1,0,30,120,1.000,0.500,0.000,0,1,0,0
All-Time,Berkeley,8.0,3,6,4,3,0,75,330,0.750,0.500,0.000,0,0,1,0
All-Time,Berkeley,7.0,1,2,2,2,0,20,120,1.000,1.000,0.000,0,0,0,0
All-Time,Berkeley,6.0,2,3,3,3,1,16,91,1.000,1.000,0.333,0,1,0,0
All-Time,Berkeley,5.0,2,2,2,2,0,25,120,1.000,1.000,0.000,0,1,0,0
All-Time,Berkeley,4.0,1,1,1,1,1,1,1,1.000,1.000,1.000,0,0,0,0
All-Time,Berkeley,3.0,1,1,1,1,0,3,15,1.000,1.000,0.000,0,0,0,0
All-Time,Berkeley,2.0,1,1,1,1,0,2,5,1.000,1.000,0.000,0,0,0,0
All-Time,Berkeley,1.0,1,1,1,1,1,1,1,1.000,1.000,1.000,0,0,0,0
2011,Berkeley,All Grades,2,11,8,8,2,119,517,1.000,0.727,0.250,0,1,1,0
2011,Berkeley,9.0,1,2,1,1,0,30,120,1.000,0.500,0.000,0,1,0,0
2011,Berkeley,8.0,2,5,3,3,0,65,300,1.000,0.600,0.000,0,0,1,0
2011,Berkeley,5.0,1,1,1,1,0,20,90,1.000,1.000,0.000,0,0,0,0
2011,Berkeley,4.0,1,1,1,1,1,1,1,1.000,1.000,1.000,0,0,0,0
2011,Berkeley,2.0,1,1,1,1,0,2,5,1.000,1.000,0.000,0,0,0,0
2011,Berkeley,1.0,1,1,1,1,1,1,1,1.000,1.000,1.000,0,0,0,0
2010,Berkeley,All Grades,4,8,8,7,1,54,286,0.875,0.875,0.125,0,2,0,0
2010,Berkeley,8.0,1,1,1,0,0,10,30,0.000,0.000,0.000,0,0,0,0
2010,Berkeley,7.0,1,2,2,2,0,20,120,1.000,1.000,0.000,0,0,0,0
2010,Berkeley,6.0,2,3,3,3,1,16,91,1.000,1.000,0.333,0,1,0,0
2010,Berkeley,5.0,1,1,1,1,0,5,30,1.000,1.000,0.000,0,1,0,0
2010,Berkeley,3.0,1,1,1,1,0,3,15,1.000,1.000,0.000,0,0,0,0
All-Time,Bishop,All Grades,19,55,49,33,12,327,1534,0.673,0.600,0.245,0,2,4,0
All-Time,Bishop,9.0,5,5,4,1,0,78,305,0.250,0.200,0.000,0,1,0,0
All-Time,Bishop,8.0,2,5,4,0,0,55,250,0.000,0.000,0.000,0,0,0,0
All-Time,Bishop,7.0,6,6,5,3,0,38,220,0.600,0.500,0.000,0,1,0,0
All-Time,Bishop,6.0,7,12,9,5,1,75,378,0.556,0.417,0.111,0,0,0,0
All-Time,Bishop,5.0,5,7,7,5,1,42,246,0.714,0.714,0.143,0,0,1,0
All-Time,Bishop,4.0,5,8,8,7,2,19,72,0.875,0.875,0.250,0,0,0,0
All-Time,Bishop,3.0,3,7,7,7,5,9,15,1.000,1.000,0.714,0,0,1,0
All-Time,Bishop,2.0,5,5,5,5,3,11,48,1.000,1.000,0.600,0,0,2,0
2017,Bishop,All Grades,4,7,6,2,1,84,356,0.333,0.286,0.167,0,0,0,0
2017,Bishop,9.0,3,3,2,0,0,65,240,0.000,0.000,0.000,0,0,0,0
2017,Bishop,7.0,1,1,1,0,0,5,45,0.000,0.000,0.000,0,0,0,0
2017,Bishop,6.0,2,2,2,1,1,6,11,0.500,0.500,0.500,0,0,0,0
2017,Bishop,5.0,1,1,1,1,0,8,60,1.000,1.000,0.000,0,0,0,0
2016,Bishop,All Grades,12,32,30,20,5,166,817,0.667,0.625,0.167,0,2,4,0
2016,Bishop,9.0,1,1,1,1,0,8,45,1.000,1.000,0.000,0,1,0,0
2016,Bishop,8.0,2,5,4,0,0,55,250,0.000,0.000,0.000,0,0,0,0
2016,Bishop,7.0,4,4,4,3,0,28,145,0.750,0.750,0.000,0,1,0,0
2016,Bishop,6.0,2,5,4,2,0,27,152,0.500,0.400,0.000,0,0,0,0
2016,Bishop,5.0,3,5,5,3,1,24,126,0.600,0.600,0.200,0,0,1,0
2016,Bishop,4.0,4,5,5,4,1,9,41,0.800,0.800,0.200,0,0,0,0
2016,Bishop,3.0,2,3,3,3,1,5,11,1.000,1.000,0.333,0,0,1,0
2016,Bishop,2.0,4,4,4,4,2,10,47,1.000,1.000,0.500,0,0,2,0
2015,Bishop,All Grades,1,4,4,0,0,17,100,0.000,0.000,0.000,0,0,0,0
2015,Bishop,9.0,1,1,1,0,0,5,20,0.000,0.000,0.000,0,0,0,0
2015,Bishop,7.0,1,1,1,0,0,5,30,0.000,0.000,0.000,0,0,0,0
2015,Bishop,6.0,1,2,2,0,0,7,50,0.000,0.000,0.000,0,0,0,0
2010,Bishop,All Grades,2,12,12,11,6,60,261,0.917,0.917,0.500,0,0,0,0
2010,Bishop,6.0,2,3,3,2,0,35,165,0.667,0.667,0.000,0,0,0,0
2010,Bishop,5.0,1,1,1,1,0,10,60,1.000,1.000,0.000,0,0,0,0
2010,Bishop,4.0,1,3,3,3,1,10,31,1.000,1.000,0.333,0,0,0,0
2010,Bishop,3.0,1,4,4,4,4,4,4,1.000,1.000,1.000,0,0,0,0
2010,Bishop,2.0,1,1,1,1,1,1,1,1.000,1.000,1.000,0,0,0,0
All-Time,Bow Valley,All Grades,1,2,2,1,0,3,3,0.500,0.500,0.000,0,0,0,0
All-Time,Bow Valley,4.0,1,2,2,1,0,3,3,0.500,0.500,0.000,0,0,0,0
2025,Bow Valley,All Grades,1,2,2,1,0,3,3,0.500,0.500,0.000,0,0,0,0
2025,Bow Valley,4.0,1,2,2,1,0,3,3,0.500,0.500,0.000,0,0,0,0
All-Time,Brione,All Grades,4,11,11,5,3,77,358,0.455,0.455,0.273,0,0,1,0
All-Time,Brione,10.0,1,1,1,0,0,20,120,0.000,0.000,0.000,0,0,0,0
All-Time,Brione,9.0,1,2,2,0,0,15,80,0.000,0.000,0.000,0,0,0,0
All-Time,Brione,7.5,1,1,1,0,0,20,90,0.000,0.000,0.000,0,0,0,0
All-Time,Brione,6.0,2,2,2,2,1,5,21,1.000,1.000,0.500,0,0,0,0
All-Time,Brione,5.5,1,2,2,1,1,3,6,0.500,0.500,0.500,0,0,0,0
All-Time,Brione,5.0,2,2,2,1,0,13,40,0.500,0.500,0.000,0,0,0,0
All-Time,Brione,4.0,1,1,1,1,1,1,1,1.000,1.000,1.000,0,0,1,0
2024,Brione,All Grades,4,11,11,5,3,77,358,0.455,0.455,0.273,0,0,1,0
2024,Brione,10.0,1,1,1,0,0,20,120,0.000,0.000,0.000,0,0,0,0
2024,Brione,9.0,1,2,2,0,0,15,80,0.000,0.000,0.000,0,0,0,0
2024,Brione,7.5,1,1,1,0,0,20,90,0.000,0.000,0.000,0,0,0,0
2024,Brione,6.0,2,2,2,2,1,5,21,1.000,1.000,0.500,0,0,0,0
2024,Brione,5.5,1,2,2,1,1,3,6,0.500,0.500,0.500,0,0,0,0
2024,Brione,5.0,2,2,2,1,0,13,40,0.500,0.500,0.000,0,0,0,0
2024,Brione,4.0,1,1,1,1,1,1,1,1.000,1.000,1.000,0,0,1,0
All-Time,Castle Rock,All Grades,52,115,86,76,12,932,3768,0.884,0.661,0.140,0,7,4,4
All-Time,Castle Rock,10.0,5,5,3,0,0,55,200,0.000,0.000,0.000,0,0,0,0
All-Time,Castle Rock,9.0,6,11,5,3,0,130,620,0.600,0.273,0.000,0,0,0,0
All-Time,Castle Rock,8.0,10,13,9,9,0,175,605,1.000,0.692,0.000,0,2,0,0
All-Time,Castle Rock,7.0,18,24,16,13,1,181,751,0.813,0.542,0.063,0,1,1,2
All-Time,Castle Rock,6.0,11,11,10,9,1,88,381,0.900,0.818,0.100,0,3,0,1
All-Time,Castle Rock,5.0,13,20,14,13,2,140,569,0.929,0.650,0.143,0,1,1,1
All-Time,Castle Rock,4.0,11,15,13,13,2,109,474,1.000,0.867,0.154,0,0,2,0
All-Time,Castle Rock,3.0,7,8,8,8,1,43,143,1.000,1.000,0.125,0,0,0,0
All-Time,Castle Rock,2.0,3,4,4,4,3,5,13,1.000,1.000,0.750,0,0,0,0
All-Time,Castle Rock,1.0,3,3,3,3,2,4,7,1.000,1.000,0.667,0,0,0,0
All-Time,Castle Rock,0.0,1,1,1,1,0,2,5,1.000,1.000,0.000,0,0,0,0
2026,Castle Rock,All Grades,3,3,3,2,0,13,60,0.667,0.667,0.000,0,0,0,1
2026,Castle Rock,7.0,2,2,2,1,0,8,40,0.500,0.500,0.000,0,0,0,1
2026,Castle Rock,6.0,1,1,1,1,0,5,20,1.000,1.000,0.000,0,0,0,0
2025,Castle Rock,All Grades,1,2,2,2,0,7,25,1.000,1.000,0.000,0,0,0,1
2025,Castle Rock,7.0,1,1,1,1,0,5,20,1.000,1.000,0.000,0,0,0,1
2025,Castle Rock,4.0,1,1,1,1,0,2,5,1.000,1.000,0.000,0,0,0,0
2021,Castle Rock,All Grades,10,17,15,10,0,191,725,0.667,0.588,0.000,0,1,1,0
2021,Castle Rock,10.0,5,5,3,0,0,55,200,0.000,0.000,0.000,0,0,0,0
2021,Castle Rock,9.0,1,1,1,1,0,15,75,1.000,1.000,0.000,0,0,0,0
2021,Castle Rock,8.0,2,2,2,2,0,40,120,1.000,1.000,0.000,0,0,0,0
2021,Castle Rock,7.0,4,5,5,3,0,60,260,0.600,0.600,0.000,0,0,1,0
2021,Castle Rock,6.0,2,2,2,2,0,14,55,1.000,1.000,0.000,0,1,0,0
2021,Castle Rock,5.0,1,1,1,1,0,5,10,1.000,1.000,0.000,0,0,0,0
2021,Castle Rock,0.0,1,1,1,1,0,2,5,1.000,1.000,0.000,0,0,0,0
2020,Castle Rock,All Grades,6,20,16,14,1,83,312,0.875,0.700,0.063,0,0,0,1
2020,Castle Rock,8.0,1,1,1,1,0,10,20,1.000,1.000,0.000,0,0,0,0
2020,Castle Rock,7.0,3,6,5,4,0,27,125,0.800,0.667,0.000,0,0,0,1
2020,Castle Rock,5.0,4,8,5,4,0,33,132,0.800,0.500,0.000,0,0,0,0
2020,Castle Rock,4.0,3,3,3,3,0,10,32,1.000,1.000,0.000,0,0,0,0
2020,Castle Rock,3.0,1,1,1,1,0,2,2,1.000,1.000,0.000,0,0,0,0
2020,Castle Rock,2.0,1,1,1,1,1,1,1,1.000,1.000,1.000,0,0,0,0
2016,Castle Rock,All Grades,4,5,5,4,0,38,165,0.800,0.800,0.000,0,1,0,0
2016,Castle Rock,9.0,1,1,1,1,0,10,45,1.000,1.000,0.000,0,0,0,0
2016,Castle Rock,8.0,2,2,2,2,0,20,75,1.000,1.000,0.000,0,1,0,0
2016,Castle Rock,7.0,1,1,1,1,0,5,25,1.000,1.000,0.000,0,0,0,0
2016,Castle Rock,6.0,1,1,1,0,0,3,20,0.000,0.000,0.000,0,0,0,0
2015,Castle Rock,All Grades,2,5,2,2,0,45,270,1.000,0.400,0.000,0,1,0,0
2015,Castle Rock,8.0,1,3,1,1,0,25,150,1.000,0.333,0.000,0,1,0,0
2015,Castle Rock,5.0,1,2,1,1,0,20,120,1.000,0.500,0.000,0,0,0,0
2014,Castle Rock,All Grades,1,1,1,0,0,10,60,0.000,0.000,0.000,0,0,0,0
2014,Castle Rock,9.0,1,1,1,0,0,10,60,0.000,0.000,0.000,0,0,0,0
2013,Castle Rock,All Grades,3,6,4,4,0,37,155,1.000,0.667,0.000,0,0,0,0
2013,Castle Rock,8.0,1,1,1,1,0,10,30,1.000,1.000,0.000,0,0,0,0
2013,Castle Rock,7.0,1,2,1,1,0,15,60,1.000,0.500,0.000,0,0,0,0
2013,Castle Rock,5.0,1,2,1,1,0,10,60,1.000,0.500,0.000,0,0,0,0
2013,Castle Rock,1.0,1,1,1,1,0,2,5,1.000,1.000,0.000,0,0,0,0
2012,Castle Rock,All Grades,6,18,18,16,6,108,361,0.889,0.889,0.333,0,0,1,2
2012,Castle Rock,9.0,1,1,1,0,0,5,20,0.000,0.000,0.000,0,0,0,0
2012,Castle Rock,7.0,2,2,2,1,1,11,21,0.500,0.500,0.500,0,0,0,0
2012,Castle Rock,6.0,2,2,2,2,0,25,105,1.000,1.000,0.000,0,0,0,1
2012,Castle Rock,5.0,2,2,2,2,1,16,46,1.000,1.000,0.500,0,0,0,1
2012,Castle Rock,4.0,3,3,3,3,1,26,91,1.000,1.000,0.333,0,0,1,0
2012,Castle Rock,3.0,4,5,5,5,1,21,66,1.000,1.000,0.200,0,0,0,0
2012,Castle Rock,2.0,2,3,3,3,2,4,12,1.000,1.000,0.667,0,0,0,0
2011,Castle Rock,All Grades,8,18,11,10,2,177,817,0.909,0.556,0.182,0,2,1,0
2011,Castle Rock,9.0,2,7,2,2,0,90,420,1.000,0.286,0.000,0,0,0,0
2011,Castle Rock,8.0,1,1,1,1,0,10,45,1.000,1.000,0.000,0,0,0,0
2011,Castle Rock,7.0,2,3,2,2,0,30,135,1.000,0.667,0.000,0,1,0,0
2011,Castle Rock,6.0,2,2,2,1,1,11,61,0.500,0.500,0.500,0,1,0,0
2011,Castle Rock,5.0,2,2,2,2,1,6,21,1.000,1.000,0.500,0,0,0,0
2011,Castle Rock,4.0,2,3,2,2,0,30,135,1.000,0.667,0.000,0,0,1,0
2010,Castle Rock,All Grades,7,18,15,14,2,212,772,0.933,0.778,0.133,0,2,1,0
2010,Castle Rock,8.0,2,3,2,2,0,60,165,1.000,0.667,0.000,0,0,0,0
2010,Castle Rock,7.0,2,2,2,1,0,20,65,0.500,0.500,0.000,0,0,0,0
2010,Castle Rock,6.0,3,3,3,3,0,30,120,1.000,1.000,0.000,0,1,0,0
2010,Castle Rock,5.0,2,3,2,2,0,50,180,1.000,0.667,0.000,0,1,1,0
2010,Castle Rock,4.0,2,5,4,4,1,41,211,1.000,0.800,0.250,0,0,0,0
2010,Castle Rock,3.0,1,1,1,1,0,10,30,1.000,1.000,0.000,0,0,0,0
2010,Castle Rock,1.0,1,1,1,1,1,1,1,1.000,1.000,1.000,0,0,0,0
2009,Castle Rock,All Grades,1,2,2,2,1,11,46,1.000,1.000,0.500,0,0,0,0
2009,Castle Rock,3.0,1,1,1,1,0,10,45,1.000,1.000,0.000,0,0,0,0
2009,Castle Rock,1.0,1,1,1,1,1,1,1,1.000,1.000,1.000,0,0,0,0
All-Time,Chironico,All Grades,2,4,4,3,0,21,115,0.750,0.750,0.000,0,0,1,0
All-Time,Chironico,7.5,2,2,2,1,0,13,75,0.500,0.500,0.000,0,0,0,0
All-Time,Chironico,6.0,2,2,2,2,0,8,40,1.000,1.000,0.000,0,0,1,0
2024,Chironico,All Grades,2,4,4,3,0,21,115,0.750,0.750,0.000,0,0,1,0
2024,Chironico,7.5,2,2,2,1,0,13,75,0.500,0.500,0.000,0,0,0,0
2024,Chironico,6.0,2,2,2,2,0,8,40,1.000,1.000,0.000,0,0,1,0
All-Time,Columbia College,All Grades,2,2,2,0,0,30,180,0.000,0.000,0.000,0,0,0,0
All-Time,Columbia College,6.0,1,1,1,0,0,20,120,0.000,0.000,0.000,0,0,0,0
All-Time,Columbia College,5.0,1,1,1,0,0,10,60,0.000,0.000,0.000,0,0,0,0
2023,Columbia College,All Grades,2,2,2,0,0,30,180,0.000,0.000,0.000,0,0,0,0
2023,Columbia College,6.0,1,1,1,0,0,20,120,0.000,0.000,0.000,0,0,0,0
2023,Columbia College,5.0,1,1,1,0,0,10,60,0.000,0.000,0.000,0,0,0,0
All-Time,Cresciano,All Grades,1,2,2,2,0,13,40,1.000,1.000,0.000,0,0,0,0
All-Time,Cresciano,9.0,1,1,1,1,0,10,30,1.000,1.000,0.000,0,0,0,0
All-Time,Cresciano,3.0,1,1,1,1,0,3,10,1.000,1.000,0.000,0,0,0,0
2024,Cresciano,All Grades,1,2,2,2,0,13,40,1.000,1.000,0.000,0,0,0,0
2024,Cresciano,9.0,1,1,1,1,0,10,30,1.000,1.000,0.000,0,0,0,0
2024,Cresciano,3.0,1,1,1,1,0,3,10,1.000,1.000,0.000,0,0,0,0
All-Time,Doolin,All Grades,1,7,7,6,5,17,70,0.857,0.857,0.714,0,0,1,0
All-Time,Doolin,6.0,1,1,1,0,0,10,60,0.000,0.000,0.000,0,0,0,0
All-Time,Doolin,5.0,1,2,2,2,2,2,2,1.000,1.000,1.000,0,0,0,0
All-Time,Doolin,4.0,1,3,3,3,2,4,7,1.000,1.000,0.667,0,0,0,0
All-Time,Doolin,3.0,1,1,1,1,1,1,1,1.000,1.000,1.000,0,0,1,0
2024,Doolin,All Grades,1,7,7,6,5,17,70,0.857,0.857,0.714,0,0,1,0
2024,Doolin,6.0,1,1,1,0,0,10,60,0.000,0.000,0.000,0,0,0,0
2024,Doolin,5.0,1,2,2,2,2,2,2,1.000,1.000,1.000,0,0,0,0
2024,Doolin,4.0,1,3,3,3,2,4,7,1.000,1.000,0.667,0,0,0,0
2024,Doolin,3.0,1,1,1,1,1,1,1,1.000,1.000,1.000,0,0,1,0
All-Time,Duncan,All Grades,1,4,4,2,0,27,100,0.500,0.500,0.000,0,1,0,0
All-Time,Duncan,9.0,1,2,2,1,0,20,80,0.500,0.500,0.000,0,1,0,0
All-Time,Duncan,7.0,1,1,1,0,0,5,15,0.000,0.000,0.000,0,0,0,0
All-Time,Duncan,5.0,1,1,1,1,0,2,5,1.000,1.000,0.000,0,0,0,0
2024,Duncan,All Grades,1,4,4,2,0,27,100,0.500,0.500,0.000,0,1,0,0
2024,Duncan,9.0,1,2,2,1,0,20,80,0.500,0.500,0.000,0,1,0,0
2024,Duncan,7.0,1,1,1,0,0,5,15,0.000,0.000,0.000,0,0,0,0
2024,Duncan,5.0,1,1,1,1,0,2,5,1.000,1.000,0.000,0,0,0,0
All-Time,El Paso,All Grades,1,1,1,1,0,5,15,1.000,1.000,0.000,0,0,0,0
All-Time,El Paso,6.0,1,1,1,1,0,5,15,1.000,1.000,0.000,0,0,0,0
2026,El Paso,All Grades,1,1,1,1,0,5,15,1.000,1.000,0.000,0,0,0,0
2026,El Paso,6.0,1,1,1,1,0,5,15,1.000,1.000,0.000,0,0,0,0
All-Time,Fort Ross,All Grades,5,13,4,1,0,46,300,0.250,0.077,0.000,0,0,0,0
All-Time,Fort Ross,8.0,4,8,2,0,0,24,160,0.000,0.000,0.000,0,0,0,0
All-Time,Fort Ross,6.0,5,5,2,1,0,22,140,0.500,0.200,0.000,0,0,0,0
2016,Fort Ross,All Grades,1,3,3,0,0,9,60,0.000,0.000,0.000,0,0,0,0
2016,Fort Ross,8.0,1,2,2,0,0,6,40,0.000,0.000,0.000,0,0,0,0
2016,Fort Ross,6.0,1,1,1,0,0,3,20,0.000,0.000,0.000,0,0,0,0
2015,Fort Ross,All Grades,1,3,3,0,0,9,60,0.000,0.000,0.000,0,0,0,0
2015,Fort Ross,8.0,1,2,2,0,0,6,40,0.000,0.000,0.000,0,0,0,0
2015,Fort Ross,6.0,1,1,1,0,0,3,20,0.000,0.000,0.000,0,0,0,0
2013,Fort Ross,All Grades,1,3,3,0,0,9,60,0.000,0.000,0.000,0,0,0,0
2013,Fort Ross,8.0,1,2,2,0,0,6,40,0.000,0.000,0.000,0,0,0,0
2013,Fort Ross,6.0,1,1,1,0,0,3,20,0.000,0.000,0.000,0,0,0,0
2012,Fort Ross,All Grades,1,3,3,0,0,9,60,0.000,0.000,0.000,0,0,0,0
2012,Fort Ross,8.0,1,2,2,0,0,6,40,0.000,0.000,0.000,0,0,0,0
2012,Fort Ross,6.0,1,1,1,0,0,3,20,0.000,0.000,0.000,0,0,0,0
2011,Fort Ross,All Grades,1,1,1,1,0,10,60,1.000,1.000,0.000,0,0,0,0
2011,Fort Ross,6.0,1,1,1,1,0,10,60,1.000,1.000,0.000,0,0,0,0
All-Time,Hueco Tanks,All Grades,52,179,145,113,37,1153,4772,0.779,0.631,0.255,0,24,9,1
All-Time,Hueco Tanks,11.0,4,4,3,0,0,27,95,0.000,0.000,0.000,0,0,0,0
All-Time,Hueco Tanks,10.0,11,13,8,3,0,130,585,0.375,0.231,0.000,0,3,0,0
All-Time,Hueco Tanks,9.0,16,17,14,4,0,139,635,0.286,0.235,0.000,0,3,0,0
All-Time,Hueco Tanks,8.0,23,27,19,15,0,233,1117,0.789,0.556,0.000,0,7,1,0
All-Time,Hueco Tanks,7.0,18,21,16,14,2,163,742,0.875,0.667,0.125,0,5,1,0
All-Time,Hueco Tanks,6.0,17,19,17,15,2,134,515,0.882,0.789,0.118,0,1,2,1
All-Time,Hueco Tanks,5.5,3,3,1,0,0,45,135,0.000,0.000,0.000,0,0,0,0
All-Time,Hueco Tanks,5.0,18,20,19,17,5,96,405,0.895,0.850,0.263,0,2,1,0
All-Time,Hueco Tanks,4.0,18,23,18,16,8,96,370,0.889,0.696,0.444,0,2,2,0
All-Time,Hueco Tanks,3.0,12,16,14,13,7,70,139,0.929,0.813,0.500,0,1,1,0
All-Time,Hueco Tanks,2.0,8,8,8,8,6,11,26,1.000,1.000,0.750,0,0,1,0
All-Time,Hueco Tanks,1.0,3,4,4,4,4,4,4,1.000,1.000,1.000,0,0,0,0
All-Time,Hueco Tanks,0.0,4,4,4,4,3,5,4,1.000,1.000,0.750,0,0,0,0
2026,Hueco Tanks,All Grades,8,19,19,14,1,140,751,0.737,0.737,0.053,0,4,1,0
2026,Hueco Tanks,9.0,1,1,1,0,0,5,15,0.000,0.000,0.000,0,0,0,0
2026,Hueco Tanks,8.0,4,4,4,2,0,32,170,0.500,0.500,0.000,0,2,0,0
2026,Hueco Tanks,7.0,3,4,4,3,0,33,215,0.750,0.750,0.000,0,1,0,0
2026,Hueco Tanks,6.0,3,5,5,4,0,25,120,0.800,0.800,0.000,0,1,0,0
2026,Hueco Tanks,5.0,2,2,2,2,0,34,190,1.000,1.000,0.000,0,0,0,0
2026,Hueco Tanks,4.0,3,3,3,3,1,11,41,1.000,1.000,0.333,0,0,1,0
2024,Hueco Tanks,All Grades,6,16,15,12,5,95,430,0.800,0.750,0.333,0,1,0,0
2024,Hueco Tanks,10.0,1,1,1,0,0,5,15,0.000,0.000,0.000,0,0,0,0
2024,Hueco Tanks,9.0,2,2,2,1,0,18,90,0.500,0.500,0.000,0,0,0,0
2024,Hueco Tanks,8.0,5,5,4,3,0,52,275,0.750,0.600,0.000,0,1,0,0
2024,Hueco Tanks,7.0,2,2,2,2,0,10,30,1.000,1.000,0.000,0,0,0,0
2024,Hueco Tanks,6.0,1,1,1,1,0,5,15,1.000,1.000,0.000,0,0,0,0
2024,Hueco Tanks,5.0,1,1,1,1,1,1,1,1.000,1.000,1.000,0,0,0,0
2024,Hueco Tanks,4.0,1,1,1,1,1,1,1,1.000,1.000,1.000,0,0,0,0
2024,Hueco Tanks,3.0,2,2,2,2,2,2,2,1.000,1.000,1.000,0,0,0,0
2024,Hueco Tanks,0.0,1,1,1,1,1,1,1,1.000,1.000,1.000,0,0,0,0
2023,Hueco Tanks,All Grades,7,23,21,14,5,100,426,0.667,0.609,0.238,0,3,0,0
2023,Hueco Tanks,11.0,2,2,2,0,0,7,20,0.000,0.000,0.000,0,0,0,0
2023,Hueco Tanks,9.0,1,2,2,0,0,13,35,0.000,0.000,0.000,0,0,0,0
2023,Hueco Tanks,8.0,3,5,4,3,0,34,151,0.750,0.600,0.000,0,1,0,0
2023,Hueco Tanks,7.0,2,2,1,1,0,8,30,1.000,0.500,0.000,0,0,0,0
2023,Hueco Tanks,6.0,2,2,2,1,1,6,21,0.500,0.500,0.500,0,0,0,0
2023,Hueco Tanks,5.0,3,4,4,3,1,9,61,0.750,0.750,0.250,0,1,0,0
2023,Hueco Tanks,4.0,2,3,3,3,2,17,92,1.000,1.000,0.667,0,1,0,0
2023,Hueco Tanks,3.0,1,1,1,1,0,2,5,1.000,1.000,0.000,0,0,0,0
2023,Hueco Tanks,2.0,2,2,2,2,1,4,11,1.000,1.000,0.500,0,0,0,0
2022,Hueco Tanks,All Grades,23,90,72,52,17,657,2661,0.722,0.578,0.236,0,13,4,1
2022,Hueco Tanks,11.0,2,2,2,0,0,20,75,0.000,0.000,0.000,0,0,0,0
2022,Hueco Tanks,10.0,8,9,7,2,0,95,450,0.286,0.222,0.000,0,2,0,0
2022,Hueco Tanks,9.0,11,11,8,2,0,93,435,0.250,0.182,0.000,0,2,0,0
2022,Hueco Tanks,8.0,8,10,8,7,0,90,431,0.875,0.700,0.000,0,5,0,0
2022,Hueco Tanks,7.0,6,7,4,3,0,85,395,0.750,0.429,0.000,0,1,1,0
2022,Hueco Tanks,6.0,8,8,6,6,0,84,325,1.000,0.750,0.000,0,0,1,1
2022,Hueco Tanks,5.5,3,3,1,0,0,45,135,0.000,0.000,0.000,0,0,0,0
2022,Hueco Tanks,5.0,8,8,8,6,2,34,102,0.750,0.750,0.250,0,1,0,0
2022,Hueco Tanks,4.0,9,11,8,7,2,58,212,0.875,0.636,0.250,0,1,1,0
2022,Hueco Tanks,3.0,7,11,10,9,5,41,82,0.900,0.818,0.500,0,1,0,0
2022,Hueco Tanks,2.0,3,3,3,3,2,4,12,1.000,1.000,0.667,0,0,1,0
2022,Hueco Tanks,1.0,3,4,4,4,4,4,4,1.000,1.000,1.000,0,0,0,0
2022,Hueco Tanks,0.0,3,3,3,3,2,4,3,1.000,1.000,0.667,0,0,0,0
2018,Hueco Tanks,All Grades,8,31,29,26,9,161,504,0.897,0.839,0.310,0,6,5,0
2018,Hueco Tanks,10.0,2,3,2,2,0,30,120,1.000,0.667,0.000,0,2,0,0
2018,Hueco Tanks,9.0,1,1,1,1,0,10,60,1.000,1.000,0.000,0,1,0,0
2018,Hueco Tanks,8.0,3,3,3,3,0,25,90,1.000,1.000,0.000,0,0,1,0
2018,Hueco Tanks,7.0,5,6,6,5,2,27,72,0.833,0.833,0.333,0,3,0,0
2018,Hueco Tanks,6.0,3,3,3,3,1,14,34,1.000,1.000,0.333,0,0,1,0
2018,Hueco Tanks,5.0,4,5,5,5,1,18,51,1.000,1.000,0.200,0,0,1,0
2018,Hueco Tanks,4.0,3,5,4,3,2,9,24,0.750,0.600,0.500,0,0,1,0
2018,Hueco Tanks,3.0,2,2,2,1,0,25,50,0.500,0.500,0.000,0,0,1,0
2018,Hueco Tanks,2.0,3,3,3,3,3,3,3,1.000,1.000,1.000,0,0,0,0
All-Time,Joe's Valley,All Grades,13,47,42,33,11,291,1422,0.786,0.702,0.262,2,6,4,0
All-Time,Joe's Valley,11.0,1,1,1,0,0,10,30,0.000,0.000,0.000,0,0,0,0
All-Time,Joe's Valley,10.0,2,4,2,1,0,65,320,0.500,0.250,0.000,0,1,0,0
All-Time,Joe's Valley,9.0,3,4,3,3,0,40,210,1.000,0.750,0.000,0,3,0,0
All-Time,Joe's Valley,8.0,3,3,3,0,0,9,35,0.000,0.000,0.000,0,0,0,0
All-Time,Joe's Valley,7.0,8,9,8,5,1,46,272,0.625,0.556,0.125,2,0,0,0
All-Time,Joe's Valley,6.0,8,10,9,8,1,71,396,0.889,0.800,0.111,0,2,2,0
All-Time,Joe's Valley,5.0,5,8,8,8,3,37,128,1.000,1.000,0.375,0,0,0,0
All-Time,Joe's Valley,4.0,3,3,3,3,2,6,17,1.000,1.000,0.667,0,0,2,0
All-Time,Joe's Valley,3.0,3,4,4,4,4,4,4,1.000,1.000,1.000,0,0,0,0
All-Time,Joe's Valley,2.0,1,1,1,1,0,3,10,1.000,1.000,0.000,0,0,0,0
2017,Joe's Valley,All Grades,6,25,21,15,5,198,965,0.714,0.600,0.238,0,3,1,0
2017,Joe's Valley,11.0,1,1,1,0,0,10,30,0.000,0.000,0.000,0,0,0,0
2017,Joe's Valley,10.0,1,3,1,1,0,60,300,1.000,0.333,0.000,0,1,0,0
2017,Joe's Valley,9.0,2,3,2,2,0,30,150,1.000,0.667,0.000,0,2,0,0
2017,Joe's Valley,8.0,2,2,2,0,0,4,15,0.000,0.000,0.000,0,0,0,0
2017,Joe's Valley,7.0,4,5,4,2,0,37,215,0.500,0.400,0.000,0,0,0,0
2017,Joe's Valley,6.0,3,3,3,2,0,30,165,0.667,0.667,0.000,0,0,1,0
2017,Joe's Valley,5.0,2,3,3,3,0,22,85,1.000,1.000,0.000,0,0,0,0
2017,Joe's Valley,4.0,1,1,1,1,1,1,1,1.000,1.000,1.000,0,0,0,0
2017,Joe's Valley,3.0,3,4,4,4,4,4,4,1.000,1.000,1.000,0,0,0,0
2016,Joe's Valley,All Grades,7,22,21,18,6,93,457,0.857,0.818,0.286,2,3,3,0
2016,Joe's Valley,10.0,1,1,1,0,0,5,20,0.000,0.000,0.000,0,0,0,0
2016,Joe's Valley,9.0,1,1,1,1,0,10,60,1.000,1.000,0.000,0,1,0,0
2016,Joe's Valley,8.0,1,1,1,0,0,5,20,0.000,0.000,0.000,0,0,0,0
2016,Joe's Valley,7.0,4,4,4,3,1,9,57,0.750,0.750,0.250,2,0,0,0
2016,Joe's Valley,6.0,5,7,6,6,1,41,231,1.000,0.857,0.167,0,2,1,0
2016,Joe's Valley,5.0,3,5,5,5,3,15,43,1.000,1.000,0.600,0,0,0,0
2016,Joe's Valley,4.0,2,2,2,2,1,5,16,1.000,1.000,0.500,0,0,2,0
2016,Joe's Valley,2.0,1,1,1,1,0,3,10,1.000,1.000,0.000,0,0,0,0
All-Time,Kananaskis,All Grades,1,3,3,3,1,5,8,1.000,1.000,0.333,0,2,0,1
All-Time,Kananaskis,6.0,1,2,2,2,1,3,6,1.000,1.000,0.500,0,2,0,1
All-Time,Kananaskis,2.0,1,1,1,1,0,2,2,1.000,1.000,0.000,0,0,0,0
2025,Kananaskis,All Grades,1,3,3,3,1,5,8,1.000,1.000,0.333,0,2,0,1
2025,Kananaskis,6.0,1,2,2,2,1,3,6,1.000,1.000,0.500,0,2,0,1
2025,Kananaskis,2.0,1,1,1,1,0,2,2,1.000,1.000,0.000,0,0,0,0
All-Time,Leavenworth,All Grades,7,32,31,17,9,187,879,0.548,0.531,0.290,0,3,3,0
All-Time,Leavenworth,10.0,2,2,2,0,0,20,105,0.000,0.000,0.000,0,0,0,0
All-Time,Leavenworth,9.0,2,2,2,1,0,15,80,0.500,0.500,0.000,0,1,0,0
All-Time,Leavenworth,8.0,6,9,8,2,0,85,385,0.250,0.222,0.000,0,2,0,0
All-Time,Leavenworth,7.0,2,2,2,0,0,25,120,0.000,0.000,0.000,0,0,0,0
All-Time,Leavenworth,6.0,2,2,2,1,0,8,85,0.500,0.500,0.000,0,0,0,0
All-Time,Leavenworth,5.0,3,3,3,1,0,13,50,0.333,0.333,0.000,0,0,0,0
All-Time,Leavenworth,4.0,4,7,7,7,4,16,49,1.000,1.000,0.571,0,0,1,0
All-Time,Leavenworth,3.0,1,1,1,1,1,1,1,1.000,1.000,1.000,0,0,0,0
All-Time,Leavenworth,1.0,2,2,2,2,2,2,2,1.000,1.000,1.000,0,0,1,0
All-Time,Leavenworth,0.0,2,2,2,2,2,2,2,1.000,1.000,1.000,0,0,1,0
2018,Leavenworth,All Grades,7,32,31,17,9,187,879,0.548,0.531,0.290,0,3,3,0
2018,Leavenworth,10.0,2,2,2,0,0,20,105,0.000,0.000,0.000,0,0,0,0
2018,Leavenworth,9.0,2,2,2,1,0,15,80,0.500,0.500,0.000,0,1,0,0
2018,Leavenworth,8.0,6,9,8,2,0,85,385,0.250,0.222,0.000,0,2,0,0
2018,Leavenworth,7.0,2,2,2,0,0,25,120,0.000,0.000,0.000,0,0,0,0
2018,Leavenworth,6.0,2,2,2,1,0,8,85,0.500,0.500,0.000,0,0,0,0
2018,Leavenworth,5.0,3,3,3,1,0,13,50,0.333,0.333,0.000,0,0,0,0
2018,Leavenworth,4.0,4,7,7,7,4,16,49,1.000,1.000,0.571,0,0,1,0
2018,Leavenworth,3.0,1,1,1,1,1,1,1,1.000,1.000,1.000,0,0,0,0
2018,Leavenworth,1.0,2,2,2,2,2,2,2,1.000,1.000,1.000,0,0,1,0
2018,Leavenworth,0.0,2,2,2,2,2,2,2,1.000,1.000,1.000,0,0,1,0
All-Time,Magic Wood,All Grades,1,6,6,2,2,40,267,0.333,0.333,0.333,0,0,0,0
All-Time,Magic Wood,9.0,1,1,1,0,0,10,120,0.000,0.000,0.000,0,0,0,0
All-Time,Magic Wood,8.0,1,1,1,0,0,5,15,0.000,0.000,0.000,0,0,0,0
All-Time,Magic Wood,7.5,1,1,1,0,0,20,120,0.000,0.000,0.000,0,0,0,0
All-Time,Magic Wood,6.0,1,1,1,1,1,1,1,1.000,1.000,1.000,0,0,0,0
All-Time,Magic Wood,4.5,1,1,1,1,1,1,1,1.000,1.000,1.000,0,0,0,0
All-Time,Magic Wood,0.0,1,1,1,0,0,3,10,0.000,0.000,0.000,0,0,0,0
2024,Magic Wood,All Grades,1,6,6,2,2,40,267,0.333,0.333,0.333,0,0,0,0
2024,Magic Wood,9.0,1,1,1,0,0,10,120,0.000,0.000,0.000,0,0,0,0
2024,Magic Wood,8.0,1,1,1,0,0,5,15,0.000,0.000,0.000,0,0,0,0
2024,Magic Wood,7.5,1,1,1,0,0,20,120,0.000,0.000,0.000,0,0,0,0
2024,Magic Wood,6.0,1,1,1,1,1,1,1,1.000,1.000,1.000,0,0,0,0
2024,Magic Wood,4.5,1,1,1,1,1,1,1,1.000,1.000,1.000,0,0,0,0
2024,Magic Wood,0.0,1,1,1,0,0,3,10,0.000,0.000,0.000,0,0,0,0
All-Time,Mammoth,All Grades,3,4,4,4,0,48,245,1.000,1.000,0.000,0,0,1,0
All-Time,Mammoth,8.0,1,1,1,1,0,25,120,1.000,1.000,0.000,0,0,1,0
All-Time,Mammoth,7.0,2,2,2,2,0,20,120,1.000,1.000,0.000,0,0,0,0
All-Time,Mammoth,3.0,1,1,1,1,0,3,5,1.000,1.000,0.000,0,0,0,0
2017,Mammoth,All Grades,3,4,4,4,0,48,245,1.000,1.000,0.000,0,0,1,0
2017,Mammoth,8.0,1,1,1,1,0,25,120,1.000,1.000,0.000,0,0,1,0
2017,Mammoth,7.0,2,2,2,2,0,20,120,1.000,1.000,0.000,0,0,0,0
2017,Mammoth,3.0,1,1,1,1,0,3,5,1.000,1.000,0.000,0,0,0,0
All-Time,Mickey's Beach,All Grades,2,3,3,3,1,23,126,1.000,1.000,0.333,0,1,0,0
All-Time,Mickey's Beach,8.0,1,1,1,1,0,20,120,1.000,1.000,0.000,0,1,0,0
All-Time,Mickey's Beach,6.0,1,1,1,1,1,1,1,1.000,1.000,1.000,0,0,0,0
All-Time,Mickey's Beach,4.0,1,1,1,1,0,2,5,1.000,1.000,0.000,0,0,0,0
2016,Mickey's Beach,All Grades,1,2,2,2,1,3,6,1.000,1.000,0.500,0,0,0,0
2016,Mickey's Beach,6.0,1,1,1,1,1,1,1,1.000,1.000,1.000,0,0,0,0
2016,Mickey's Beach,4.0,1,1,1,1,0,2,5,1.000,1.000,0.000,0,0,0,0
2011,Mickey's Beach,All Grades,1,1,1,1,0,20,120,1.000,1.000,0.000,0,1,0,0
2011,Mickey's Beach,8.0,1,1,1,1,0,20,120,1.000,1.000,0.000,0,1,0,0
All-Time,Moe's Valley,All Grades,3,8,8,7,3,40,163,0.875,0.875,0.375,0,2,0,0
All-Time,Moe's Valley,10.0,1,1,1,1,0,15,75,1.000,1.000,0.000,0,1,0,0
All-Time,Moe's Valley,9.0,1,1,1,0,0,10,20,0.000,0.000,0.000,0,0,0,0
All-Time,Moe's Valley,7.0,1,1,1,1,0,2,5,1.000,1.000,0.000,0,1,0,0
All-Time,Moe's Valley,6.0,3,4,4,4,2,12,62,1.000,1.000,0.500,0,0,0,0
All-Time,Moe's Valley,5.0,1,1,1,1,1,1,1,1.000,1.000,1.000,0,0,0,0
2017,Moe's Valley,All Grades,2,6,6,5,2,34,132,0.833,0.833,0.333,0,2,0,0
2017,Moe's Valley,10.0,1,1,1,1,0,15,75,1.000,1.000,0.000,0,1,0,0
2017,Moe's Valley,9.0,1,1,1,0,0,10,20,0.000,0.000,0.000,0,0,0,0
2017,Moe's Valley,7.0,1,1,1,1,0,2,5,1.000,1.000,0.000,0,1,0,0
2017,Moe's Valley,6.0,2,3,3,3,2,7,32,1.000,1.000,0.667,0,0,0,0
2016,Moe's Valley,All Grades,1,2,2,2,1,6,31,1.000,1.000,0.500,0,0,0,0
2016,Moe's Valley,6.0,1,1,1,1,0,5,30,1.000,1.000,0.000,0,0,0,0
2016,Moe's Valley,5.0,1,1,1,1,1,1,1,1.000,1.000,1.000,0,0,0,0
All-Time,Red Rocks,All Grades,9,26,25,21,4,182,899,0.840,0.808,0.160,0,1,3,0
All-Time,Red Rocks,9.0,2,2,2,1,0,30,90,0.500,0.500,0.000,0,1,0,0
All-Time,Red Rocks,8.5,1,1,1,0,0,30,150,0.000,0.000,0.000,0,0,0,0
All-Time,Red Rocks,8.0,1,1,1,1,0,8,30,1.000,1.000,0.000,0,0,0,0
All-Time,Red Rocks,7.0,5,6,5,4,0,60,345,0.800,0.667,0.000,0,0,0,0
All-Time,Red Rocks,6.0,3,3,3,2,0,25,180,0.667,0.667,0.000,0,0,2,0
All-Time,Red Rocks,5.0,3,3,3,3,0,8,30,1.000,1.000,0.000,0,0,0,0
All-Time,Red Rocks,4.0,3,3,3,3,2,4,12,1.000,1.000,0.667,0,0,0,0
All-Time,Red Rocks,3.0,2,2,2,2,1,3,11,1.000,1.000,0.500,0,0,0,0
All-Time,Red Rocks,2.0,3,3,3,3,0,11,45,1.000,1.000,0.000,0,0,1,0
All-Time,Red Rocks,1.0,1,2,2,2,1,3,6,1.000,1.000,0.500,0,0,0,0
2018,Red Rocks,All Grades,5,10,10,6,0,104,505,0.600,0.600,0.000,0,1,1,0
2018,Red Rocks,9.0,2,2,2,1,0,30,90,0.500,0.500,0.000,0,1,0,0
2018,Red Rocks,8.5,1,1,1,0,0,30,150,0.000,0.000,0.000,0,0,0,0
2018,Red Rocks,7.0,2,2,2,1,0,20,105,0.500,0.500,0.000,0,0,0,0
2018,Red Rocks,6.0,2,2,2,1,0,15,120,0.500,0.500,0.000,0,0,1,0
2018,Red Rocks,5.0,1,1,1,1,0,2,10,1.000,1.000,0.000,0,0,0,0
2018,Red Rocks,3.0,1,1,1,1,0,2,10,1.000,1.000,0.000,0,0,0,0
2018,Red Rocks,2.0,1,1,1,1,0,5,20,1.000,1.000,0.000,0,0,0,0
2016,Red Rocks,All Grades,4,16,16,15,4,78,394,0.938,0.938,0.250,0,0,2,0
2016,Red Rocks,8.0,1,1,1,1,0,8,30,1.000,1.000,0.000,0,0,0,0
2016,Red Rocks,7.0,3,4,4,3,0,40,240,0.750,0.750,0.000,0,0,0,0
2016,Red Rocks,6.0,1,1,1,1,0,10,60,1.000,1.000,0.000,0,0,1,0
2016,Red Rocks,5.0,2,2,2,2,0,6,20,1.000,1.000,0.000,0,0,0,0
2016,Red Rocks,4.0,3,3,3,3,2,4,12,1.000,1.000,0.667,0,0,0,0
2016,Red Rocks,3.0,1,1,1,1,1,1,1,1.000,1.000,1.000,0,0,0,0
2016,Red Rocks,2.0,2,2,2,2,0,6,25,1.000,1.000,0.000,0,0,1,0
2016,Red Rocks,1.0,1,2,2,2,1,3,6,1.000,1.000,0.500,0,0,0,0
All-Time,Rocklands,All Grades,58,213,188,156,51,1535,5593,0.830,0.732,0.271,3,25,20,2
All-Time,Rocklands,11.0,5,5,3,0,0,52,230,0.000,0.000,0.000,0,0,0,0
All-Time,Rocklands,10.0,20,22,11,6,0,311,1181,0.545,0.273,0.000,0,3,1,0
All-Time,Rocklands,9.0,19,23,19,10,0,289,1151,0.526,0.435,0.000,1,2,1,0
All-Time,Rocklands,8.0,16,22,19,13,2,191,728,0.684,0.591,0.105,1,4,1,0
All-Time,Rocklands,7.5,17,20,18,14,0,208,890,0.778,0.700,0.000,0,3,2,0
All-Time,Rocklands,7.0,17,19,18,16,3,133,433,0.889,0.842,0.167,0,2,1,0
All-Time,Rocklands,6.0,17,21,21,20,3,108,395,0.952,0.952,0.143,0,2,5,0
All-Time,Rocklands,5.5,9,13,13,13,5,54,179,1.000,1.000,0.385,0,3,3,0
All-Time,Rocklands,5.0,17,23,22,22,9,80,187,1.000,0.957,0.409,1,4,4,0
All-Time,Rocklands,4.5,5,7,7,7,4,20,64,1.000,1.000,0.571,0,1,1,0
All-Time,Rocklands,4.0,11,13,13,13,8,39,63,1.000,1.000,0.615,0,0,0,0
All-Time,Rocklands,3.5,3,5,5,5,4,9,19,1.000,1.000,0.800,0,0,1,0
All-Time,Rocklands,3.0,10,10,10,8,6,22,46,0.800,0.800,0.600,0,1,0,0
All-Time,Rocklands,2.0,6,6,5,5,4,14,19,1.000,0.833,0.800,0,0,0,1
All-Time,Rocklands,1.0,2,2,2,2,1,3,6,1.000,1.000,0.500,0,0,0,1
All-Time,Rocklands,0.0,2,2,2,2,2,2,2,1.000,1.000,1.000,0,0,0,0
2018,Rocklands,All Grades,42,145,129,102,19,1242,4415,0.791,0.703,0.147,3,21,15,2
2018,Rocklands,11.0,4,4,3,0,0,50,225,0.000,0.000,0.000,0,0,0,0
2018,Rocklands,10.0,15,16,8,4,0,253,956,0.500,0.250,0.000,0,2,1,0
2018,Rocklands,9.0,15,18,15,9,0,238,940,0.600,0.500,0.000,1,2,1,0
2018,Rocklands,8.0,12,16,14,9,1,140,522,0.643,0.563,0.071,1,3,0,0
2018,Rocklands,7.5,12,14,14,10,0,153,630,0.714,0.714,0.000,0,3,2,0
2018,Rocklands,7.0,13,13,12,10,0,116,350,0.833,0.769,0.000,0,2,1,0
2018,Rocklands,6.0,12,16,16,15,1,98,343,0.938,0.938,0.063,0,1,4,0
2018,Rocklands,5.5,7,11,11,11,4,51,168,1.000,1.000,0.364,0,3,3,0
2018,Rocklands,5.0,10,13,13,13,3,59,126,1.000,1.000,0.231,1,4,2,0
2018,Rocklands,4.5,2,2,2,2,0,13,30,1.000,1.000,0.000,0,0,1,0
2018,Rocklands,4.0,9,10,10,10,6,34,46,1.000,1.000,0.600,0,0,0,0
2018,Rocklands,3.5,1,1,1,1,0,5,15,1.000,1.000,0.000,0,0,0,0
2018,Rocklands,3.0,7,7,7,5,3,19,43,0.714,0.714,0.429,0,1,0,0
2018,Rocklands,2.0,2,2,1,1,0,10,15,1.000,0.500,0.000,0,0,0,1
2018,Rocklands,1.0,1,1,1,1,0,2,5,1.000,1.000,0.000,0,0,0,1
2018,Rocklands,0.0,1,1,1,1,1,1,1,1.000,1.000,1.000,0,0,0,0
2014,Rocklands,All Grades,16,68,66,58,32,293,1178,0.879,0.853,0.485,0,5,6,0
2014,Rocklands,11.0,1,1,1,0,0,2,5,0.000,0.000,0.000,0,0,0,0
2014,Rocklands,10.0,5,6,5,4,0,58,225,0.800,0.667,0.000,0,2,1,0
2014,Rocklands,9.0,4,5,5,1,0,51,211,0.200,0.200,0.000,0,0,0,0
2014,Rocklands,8.0,4,6,5,4,1,51,206,0.800,0.667,0.200,0,1,1,0
2014,Rocklands,7.5,5,6,6,5,0,55,260,0.833,0.833,0.000,0,0,0,0
2014,Rocklands,7.0,4,6,6,6,3,17,83,1.000,1.000,0.500,0,0,0,0
2014,Rocklands,6.0,5,5,5,5,2,10,52,1.000,1.000,0.400,0,1,1,0
2014,Rocklands,5.5,2,2,2,2,1,3,11,1.000,1.000,0.500,0,0,0,0
2014,Rocklands,5.0,7,10,10,10,6,21,61,1.000,1.000,0.600,0,0,2,0
2014,Rocklands,4.5,3,5,5,5,4,7,34,1.000,1.000,0.800,0,1,0,0
2014,Rocklands,4.0,2,3,3,3,2,5,17,1.000,1.000,0.667,0,0,0,0
2014,Rocklands,3.5,2,4,4,4,4,4,4,1.000,1.000,1.000,0,0,1,0
2014,Rocklands,3.0,3,3,3,3,3,3,3,1.000,1.000,1.000,0,0,0,0
2014,Rocklands,2.0,4,4,4,4,4,4,4,1.000,1.000,1.000,0,0,0,0
2014,Rocklands,1.0,1,1,1,1,1,1,1,1.000,1.000,1.000,0,0,0,0
2014,Rocklands,0.0,1,1,1,1,1,1,1,1.000,1.000,1.000,0,0,0,0
All-Time,Roy,All Grades,4,15,15,6,0,114,665,0.400,0.400,0.000,0,0,0,0
All-Time,Roy,10.0,1,1,1,0,0,10,45,0.000,0.000,0.000,0,0,0,0
All-Time,Roy,9.0,2,2,2,1,0,35,180,0.500,0.500,0.000,0,0,0,0
All-Time,Roy,8.0,2,2,2,0,0,20,135,0.000,0.000,0.000,0,0,0,0
All-Time,Roy,7.0,2,3,3,1,0,10,65,0.333,0.333,0.000,0,0,0,0
All-Time,Roy,6.0,3,4,4,2,0,33,205,0.500,0.500,0.000,0,0,0,0
All-Time,Roy,5.0,1,2,2,1,0,4,25,0.500,0.500,0.000,0,0,0,0
All-Time,Roy,4.0,1,1,1,1,0,2,10,1.000,1.000,0.000,0,0,0,0
2018,Roy,All Grades,4,15,15,6,0,114,665,0.400,0.400,0.000,0,0,0,0
2018,Roy,10.0,1,1,1,0,0,10,45,0.000,0.000,0.000,0,0,0,0
2018,Roy,9.0,2,2,2,1,0,35,180,0.500,0.500,0.000,0,0,0,0
2018,Roy,8.0,2,2,2,0,0,20,135,0.000,0.000,0.000,0,0,0,0
2018,Roy,7.0,2,3,3,1,0,10,65,0.333,0.333,0.000,0,0,0,0
2018,Roy,6.0,3,4,4,2,0,33,205,0.500,0.500,0.000,0,0,0,0
2018,Roy,5.0,1,2,2,1,0,4,25,0.500,0.500,0.000,0,0,0,0
2018,Roy,4.0,1,1,1,1,0,2,10,1.000,1.000,0.000,0,0,0,0
All-Time,Santa Barbara,All Grades,7,29,29,23,9,125,579,0.793,0.793,0.310,0,2,2,0
All-Time,Santa Barbara,10.0,1,1,1,0,0,5,10,0.000,0.000,0.000,0,0,0,0
All-Time,Santa Barbara,9.0,2,2,2,0,0,25,150,0.000,0.000,0.000,0,0,0,0
All-Time,Santa Barbara,8.0,2,2,2,0,0,20,105,0.000,0.000,0.000,0,0,0,0
All-Time,Santa Barbara,7.0,3,5,5,5,0,28,125,1.000,1.000,0.000,0,0,0,0
All-Time,Santa Barbara,6.0,2,5,5,5,2,13,57,1.000,1.000,0.400,0,2,0,0
All-Time,Santa Barbara,5.0,3,3,3,2,0,13,65,0.667,0.667,0.000,0,0,1,0
All-Time,Santa Barbara,4.0,4,4,4,4,2,9,32,1.000,1.000,0.500,0,0,0,0
All-Time,Santa Barbara,3.0,4,4,4,4,2,9,32,1.000,1.000,0.500,0,0,1,0
All-Time,Santa Barbara,1.0,1,1,1,1,1,1,1,1.000,1.000,1.000,0,0,0,0
All-Time,Santa Barbara,0.0,1,2,2,2,2,2,2,1.000,1.000,1.000,0,0,0,0
2021,Santa Barbara,All Grades,4,15,15,9,4,84,399,0.600,0.600,0.267,0,0,0,0
2021,Santa Barbara,10.0,1,1,1,0,0,5,10,0.000,0.000,0.000,0,0,0,0
2021,Santa Barbara,9.0,2,2,2,0,0,25,150,0.000,0.000,0.000,0,0,0,0
2021,Santa Barbara,8.0,2,2,2,0,0,20,105,0.000,0.000,0.000,0,0,0,0
2021,Santa Barbara,7.0,2,3,3,3,0,18,80,1.000,1.000,0.000,0,0,0,0
2021,Santa Barbara,6.0,1,1,1,1,0,4,15,1.000,1.000,0.000,0,0,0,0
2021,Santa Barbara,5.0,2,2,2,1,0,8,35,0.500,0.500,0.000,0,0,0,0
2021,Santa Barbara,4.0,2,2,2,2,2,2,2,1.000,1.000,1.000,0,0,0,0
2021,Santa Barbara,3.0,2,2,2,2,2,2,2,1.000,1.000,1.000,0,0,0,0
2014,Santa Barbara,All Grades,1,1,1,1,0,3,15,1.000,1.000,0.000,0,0,1,0
2014,Santa Barbara,3.0,1,1,1,1,0,3,15,1.000,1.000,0.000,0,0,1,0
2013,Santa Barbara,All Grades,1,4,4,4,3,8,23,1.000,1.000,0.750,0,0,0,0
2013,Santa Barbara,4.0,1,1,1,1,0,5,20,1.000,1.000,0.000,0,0,0,0
2013,Santa Barbara,1.0,1,1,1,1,1,1,1,1.000,1.000,1.000,0,0,0,0
2013,Santa Barbara,0.0,1,2,2,2,2,2,2,1.000,1.000,1.000,0,0,0,0
2011,Santa Barbara,All Grades,1,9,9,9,2,30,142,1.000,1.000,0.222,0,2,1,0
2011,Santa Barbara,7.0,1,2,2,2,0,10,45,1.000,1.000,0.000,0,0,0,0
2011,Santa Barbara,6.0,1,4,4,4,2,9,42,1.000,1.000,0.500,0,2,0,0
2011,Santa Barbara,5.0,1,1,1,1,0,5,30,1.000,1.000,0.000,0,0,1,0
2011,Santa Barbara,4.0,1,1,1,1,0,2,10,1.000,1.000,0.000,0,0,0,0
2011,Santa Barbara,3.0,1,1,1,1,0,4,15,1.000,1.000,0.000,0,0,0,0
All-Time,Scotts Valley,All Grades,2,8,6,6,1,55,250,1.000,0.750,0.167,0,0,0,0
All-Time,Scotts Valley,9.0,2,3,1,1,0,24,119,1.000,0.333,0.000,0,0,0,0
All-Time,Scotts Valley,8.0,1,1,1,1,0,5,30,1.000,1.000,0.000,0,0,0,0
All-Time,Scotts Valley,7.0,1,1,1,1,0,5,20,1.000,1.000,0.000,0,0,0,0
All-Time,Scotts Valley,6.0,1,2,2,2,0,20,80,1.000,1.000,0.000,0,0,0,0
All-Time,Scotts Valley,3.0,1,1,1,1,1,1,1,1.000,1.000,1.000,0,0,0,0
2014,Scotts Valley,All Grades,2,8,6,6,1,55,250,1.000,0.750,0.167,0,0,0,0
2014,Scotts Valley,9.0,2,3,1,1,0,24,119,1.000,0.333,0.000,0,0,0,0
2014,Scotts Valley,8.0,1,1,1,1,0,5,30,1.000,1.000,0.000,0,0,0,0
2014,Scotts Valley,7.0,1,1,1,1,0,5,20,1.000,1.000,0.000,0,0,0,0
2014,Scotts Valley,6.0,1,2,2,2,0,20,80,1.000,1.000,0.000,0,0,0,0
2014,Scotts Valley,3.0,1,1,1,1,1,1,1,1.000,1.000,1.000,0,0,0,0
All-Time,Skofield Park,All Grades,1,3,3,3,1,31,91,1.000,1.000,0.333,0,0,0,0
All-Time,Skofield Park,4.0,1,2,2,2,1,11,31,1.000,1.000,0.500,0,0,0,0
All-Time,Skofield Park,3.0,1,1,1,1,0,20,60,1.000,1.000,0.000,0,0,0,0
2009,Skofield Park,All Grades,1,3,3,3,1,31,91,1.000,1.000,0.333,0,0,0,0
2009,Skofield Park,4.0,1,2,2,2,1,11,31,1.000,1.000,0.500,0,0,0,0
2009,Skofield Park,3.0,1,1,1,1,0,20,60,1.000,1.000,0.000,0,0,0,0
All-Time,Squamish,All Grades,83,229,175,151,40,1789,7466,0.863,0.659,0.229,0,17,24,2
All-Time,Squamish,11.0,6,6,1,1,0,145,720,1.000,0.167,0.000,0,0,0,0
All-Time,Squamish,10.0,5,5,5,0,0,75,260,0.000,0.000,0.000,0,0,0,0
All-Time,Squamish,9.0,10,26,11,7,0,340,1435,0.636,0.269,0.000,0,1,3,0
All-Time,Squamish,8.0,19,24,18,12,0,275,1140,0.667,0.500,0.000,0,6,0,0
All-Time,Squamish,7.0,23,34,23,20,1,324,1228,0.870,0.588,0.043,0,5,7,0
All-Time,Squamish,6.0,27,36,25,22,2,293,1374,0.880,0.611,0.080,0,2,3,1
All-Time,Squamish,5.0,19,23,21,20,3,107,439,0.952,0.870,0.143,0,1,5,0
All-Time,Squamish,4.0,22,32,31,31,14,101,414,1.000,0.969,0.452,0,2,3,0
All-Time,Squamish,3.0,17,20,18,17,9,71,281,0.944,0.850,0.500,0,0,2,0
All-Time,Squamish,2.0,9,11,10,9,3,36,123,0.900,0.818,0.300,0,0,1,0
All-Time,Squamish,1.0,4,4,4,4,3,8,13,1.000,1.000,0.750,0,0,0,1
All-Time,Squamish,0.0,7,8,8,8,5,14,39,1.000,1.000,0.625,0,0,0,0
2024,Squamish,All Grades,2,8,8,5,3,55,203,0.625,0.625,0.375,0,0,0,0
2024,Squamish,10.0,2,2,2,0,0,35,120,0.000,0.000,0.000,0,0,0,0
2024,Squamish,7.0,1,1,1,1,0,10,60,1.000,1.000,0.000,0,0,0,0
2024,Squamish,6.0,1,1,1,1,0,3,10,1.000,1.000,0.000,0,0,0,0
2024,Squamish,5.0,1,1,1,1,1,1,1,1.000,1.000,1.000,0,0,0,0
2024,Squamish,4.0,1,2,2,2,2,2,2,1.000,1.000,1.000,0,0,0,0
2024,Squamish,2.0,1,1,1,0,0,4,10,0.000,0.000,0.000,0,0,0,0
2022,Squamish,All Grades,28,65,52,38,10,550,2560,0.731,0.585,0.192,0,2,5,1
2022,Squamish,11.0,6,6,1,1,0,145,720,1.000,0.167,0.000,0,0,0,0
2022,Squamish,10.0,2,2,2,0,0,35,120,0.000,0.000,0.000,0,0,0,0
2022,Squamish,9.0,2,3,3,0,0,18,55,0.000,0.000,0.000,0,0,0,0
2022,Squamish,8.0,6,7,5,3,0,60,255,0.600,0.429,0.000,0,2,0,0
2022,Squamish,7.0,6,6,5,3,0,47,225,0.600,0.500,0.000,0,0,0,0
2022,Squamish,6.0,12,17,13,10,0,152,810,0.769,0.588,0.000,0,0,2,1
2022,Squamish,5.0,3,3,3,2,0,15,46,0.667,0.667,0.000,0,0,1,0
2022,Squamish,4.0,6,6,6,6,4,24,124,1.000,1.000,0.667,0,0,1,0
2022,Squamish,3.0,6,8,7,6,2,36,149,0.857,0.750,0.286,0,0,0,0
2022,Squamish,2.0,3,3,3,3,1,13,51,1.000,1.000,0.333,0,0,1,0
2022,Squamish,1.0,1,1,1,1,1,1,1,1.000,1.000,1.000,0,0,0,0
2022,Squamish,0.0,3,3,3,3,2,4,4,1.000,1.000,0.667,0,0,0,0
2017,Squamish,All Grades,13,25,15,9,0,205,1000,0.600,0.360,0.000,0,1,3,0
2017,Squamish,10.0,1,1,1,0,0,5,20,0.000,0.000,0.000,0,0,0,0
2017,Squamish,9.0,3,7,3,2,0,65,390,0.667,0.286,0.000,0,1,1,0
2017,Squamish,8.0,5,5,4,1,0,60,330,0.250,0.200,0.000,0,0,0,0
2017,Squamish,7.0,3,7,3,2,0,45,120,0.667,0.286,0.000,0,0,1,0
2017,Squamish,6.0,2,2,2,2,0,13,70,1.000,1.000,0.000,0,0,0,0
2017,Squamish,4.0,1,2,1,1,0,15,60,1.000,0.500,0.000,0,0,1,0
2017,Squamish,2.0,1,1,1,1,0,2,10,1.000,1.000,0.000,0,0,0,0
2016,Squamish,All Grades,9,26,20,19,7,178,699,0.950,0.731,0.350,0,2,4,1
2016,Squamish,9.0,1,2,1,1,0,12,90,1.000,0.500,0.000,0,0,0,0
2016,Squamish,8.0,2,2,2,2,0,20,75,1.000,1.000,0.000,0,1,0,0
2016,Squamish,7.0,3,7,4,3,0,98,350,0.750,0.429,0.000,0,0,3,0
2016,Squamish,6.0,5,7,5,5,2,34,162,1.000,0.714,0.400,0,1,1,0
2016,Squamish,5.0,1,1,1,1,0,2,5,1.000,1.000,0.000,0,0,0,0
2016,Squamish,4.0,2,2,2,2,2,2,2,1.000,1.000,1.000,0,0,0,0
2016,Squamish,3.0,2,2,2,2,2,2,2,1.000,1.000,1.000,0,0,0,0
2016,Squamish,1.0,2,2,2,2,1,6,11,1.000,1.000,0.500,0,0,0,1
2016,Squamish,0.0,1,1,1,1,0,2,2,1.000,1.000,0.000,0,0,0,0
2015,Squamish,All Grades,10,32,25,24,4,339,1206,0.960,0.750,0.160,0,5,3,0
2015,Squamish,9.0,2,6,2,2,0,150,420,1.000,0.333,0.000,0,0,2,0
2015,Squamish,8.0,1,2,1,1,0,50,150,1.000,0.500,0.000,0,0,0,0
2015,Squamish,7.0,3,4,4,4,1,23,116,1.000,1.000,0.250,0,2,0,0
2015,Squamish,6.0,5,7,7,7,0,51,202,1.000,1.000,0.000,0,1,1,0
2015,Squamish,5.0,2,4,2,2,0,35,170,1.000,0.500,0.000,0,0,0,0
2015,Squamish,4.0,3,6,6,6,2,14,57,1.000,1.000,0.333,0,2,0,0
2015,Squamish,3.0,2,2,2,1,1,11,61,0.500,0.500,0.500,0,0,0,0
2015,Squamish,0.0,1,1,1,1,0,5,30,1.000,1.000,0.000,0,0,0,0
2013,Squamish,All Grades,9,21,16,15,1,142,623,0.938,0.714,0.063,0,3,4,0
2013,Squamish,9.0,1,5,1,1,0,50,300,1.000,0.200,0.000,0,0,0,0
2013,Squamish,8.0,3,4,3,2,0,34,120,0.667,0.500,0.000,0,1,0,0
2013,Squamish,7.0,2,2,2,2,0,4,7,1.000,1.000,0.000,0,2,0,0
2013,Squamish,6.0,1,1,1,1,0,20,60,1.000,1.000,0.000,0,0,1,0
2013,Squamish,5.0,5,5,5,5,1,22,81,1.000,1.000,0.200,0,0,1,0
2013,Squamish,4.0,2,3,3,3,0,9,40,1.000,1.000,0.000,0,0,1,0
2013,Squamish,3.0,1,1,1,1,0,3,15,1.000,1.000,0.000,0,0,1,0
2012,Squamish,All Grades,12,52,46,46,15,320,1175,1.000,0.885,0.326,0,4,8,0
2012,Squamish,9.0,1,3,1,1,0,45,180,1.000,0.333,0.000,0,0,0,0
2012,Squamish,8.0,2,4,3,3,0,51,210,1.000,0.750,0.000,0,2,0,0
2012,Squamish,7.0,5,7,5,5,0,97,350,1.000,0.714,0.000,0,1,3,0
2012,Squamish,6.0,1,1,1,1,0,20,60,1.000,1.000,0.000,0,0,1,0
2012,Squamish,5.0,7,9,9,9,1,32,136,1.000,1.000,0.111,0,1,3,0
2012,Squamish,4.0,7,11,11,11,4,35,129,1.000,1.000,0.364,0,0,0,0
2012,Squamish,3.0,6,7,7,7,4,19,54,1.000,1.000,0.571,0,0,1,0
2012,Squamish,2.0,4,6,5,5,2,17,52,1.000,0.833,0.400,0,0,0,0
2012,Squamish,1.0,1,1,1,1,1,1,1,1.000,1.000,1.000,0,0,0,0
2012,Squamish,0.0,2,3,3,3,3,3,3,1.000,1.000,1.000,0,0,0,0
All-Time,Sutton Pass,All Grades,1,3,3,3,0,37,205,1.000,1.000,0.000,0,1,0,0
All-Time,Sutton Pass,9.0,1,1,1,1,0,30,180,1.000,1.000,0.000,0,1,0,0
All-Time,Sutton Pass,7.0,1,1,1,1,0,5,20,1.000,1.000,0.000,0,0,0,0
All-Time,Sutton Pass,3.0,1,1,1,1,0,2,5,1.000,1.000,0.000,0,0,0,0
2024,Sutton Pass,All Grades,1,3,3,3,0,37,205,1.000,1.000,0.000,0,1,0,0
2024,Sutton Pass,9.0,1,1,1,1,0,30,180,1.000,1.000,0.000,0,1,0,0
2024,Sutton Pass,7.0,1,1,1,1,0,5,20,1.000,1.000,0.000,0,0,0,0
2024,Sutton Pass,3.0,1,1,1,1,0,2,5,1.000,1.000,0.000,0,0,0,0
All-Time,Tahoe,All Grades,42,110,84,65,20,776,3995,0.774,0.591,0.238,1,10,11,1
All-Time,Tahoe,10.0,9,11,5,1,0,125,595,0.200,0.091,0.000,0,1,0,0
All-Time,Tahoe,9.0,8,13,8,5,0,155,985,0.625,0.385,0.000,0,2,0,0
All-Time,Tahoe,8.0,12,16,14,9,0,117,580,0.643,0.563,0.000,0,3,1,1
All-Time,Tahoe,7.0,10,16,8,5,1,141,846,0.625,0.313,0.125,1,1,1,0
All-Time,Tahoe,6.0,12,14,11,9,1,57,301,0.818,0.643,0.091,0,0,0,0
All-Time,Tahoe,5.0,11,15,14,12,4,115,419,0.857,0.800,0.286,0,2,4,0
All-Time,Tahoe,4.0,14,20,19,19,9,61,264,1.000,0.950,0.474,0,1,5,0
All-Time,Tahoe,3.0,3,3,3,3,3,3,3,1.000,1.000,1.000,0,0,0,0
All-Time,Tahoe,1.0,1,1,1,1,1,1,1,1.000,1.000,1.000,0,0,0,0
All-Time,Tahoe,0.0,1,1,1,1,1,1,1,1.000,1.000,1.000,0,0,0,0
2025,Tahoe,All Grades,1,2,2,1,0,13,65,0.500,0.500,0.000,0,0,1,0
2025,Tahoe,5.0,1,2,2,1,0,13,65,0.500,0.500,0.000,0,0,1,0
2024,Tahoe,All Grades,1,2,2,1,0,13,70,0.500,0.500,0.000,0,0,0,0
2024,Tahoe,7.0,1,1,1,0,0,10,60,0.000,0.000,0.000,0,0,0,0
2024,Tahoe,6.0,1,1,1,1,0,3,10,1.000,1.000,0.000,0,0,0,0
2020,Tahoe,All Grades,2,3,3,1,1,21,91,0.333,0.333,0.333,0,0,0,0
2020,Tahoe,10.0,1,1,1,0,0,15,60,0.000,0.000,0.000,0,0,0,0
2020,Tahoe,5.0,1,1,1,0,0,5,30,0.000,0.000,0.000,0,0,0,0
2020,Tahoe,4.0,1,1,1,1,1,1,1,1.000,1.000,1.000,0,0,0,0
2017,Tahoe,All Grades,4,9,9,3,0,75,400,0.333,0.333,0.000,0,1,0,0
2017,Tahoe,10.0,1,1,1,0,0,15,30,0.000,0.000,0.000,0,0,0,0
2017,Tahoe,9.0,2,3,3,2,0,25,180,0.667,0.667,0.000,0,1,0,0
2017,Tahoe,8.0,3,4,4,1,0,25,130,0.250,0.250,0.000,0,0,0,0
2017,Tahoe,7.0,1,1,1,0,0,10,60,0.000,0.000,0.000,0,0,0,0
2016,Tahoe,All Grades,10,28,21,15,4,196,1144,0.714,0.536,0.190,1,2,2,0
2016,Tahoe,10.0,3,4,3,0,0,53,305,0.000,0.000,0.000,0,0,0,0
2016,Tahoe,9.0,1,4,1,1,0,50,400,1.000,0.250,0.000,0,1,0,0
2016,Tahoe,8.0,3,3,3,2,0,16,75,0.667,0.667,0.000,0,0,0,0
2016,Tahoe,7.0,3,3,3,2,1,16,91,0.667,0.667,0.333,1,0,0,0
2016,Tahoe,6.0,3,5,3,2,0,30,125,0.667,0.400,0.000,0,0,0,0
2016,Tahoe,5.0,4,4,4,4,1,19,86,1.000,1.000,0.250,0,1,1,0
2016,Tahoe,4.0,3,4,3,3,1,11,61,1.000,0.750,0.333,0,0,1,0
2016,Tahoe,3.0,1,1,1,1,1,1,1,1.000,1.000,1.000,0,0,0,0
2015,Tahoe,All Grades,14,44,35,28,7,283,1587,0.800,0.636,0.200,0,6,5,1
2015,Tahoe,10.0,3,4,3,1,0,37,180,0.333,0.250,0.000,0,1,0,0
2015,Tahoe,9.0,3,3,3,1,0,30,210,0.333,0.333,0.000,0,0,0,0
2015,Tahoe,8.0,5,8,6,6,0,71,345,1.000,0.750,0.000,0,3,1,1
2015,Tahoe,7.0,4,10,4,3,0,95,590,0.750,0.300,0.000,0,1,1,0
2015,Tahoe,6.0,6,6,6,4,0,21,145,0.667,0.667,0.000,0,0,0,0
2015,Tahoe,5.0,2,3,3,3,2,7,27,1.000,1.000,0.667,0,1,0,0
2015,Tahoe,4.0,5,9,9,9,4,21,89,1.000,1.000,0.444,0,0,3,0
2015,Tahoe,3.0,1,1,1,1,1,1,1,1.000,1.000,1.000,0,0,0,0
2014,Tahoe,All Grades,4,5,5,1,1,31,141,0.200,0.200,0.200,0,0,0,0
2014,Tahoe,10.0,1,1,1,0,0,5,20,0.000,0.000,0.000,0,0,0,0
2014,Tahoe,9.0,1,1,1,0,0,10,45,0.000,0.000,0.000,0,0,0,0
2014,Tahoe,8.0,1,1,1,0,0,5,30,0.000,0.000,0.000,0,0,0,0
2014,Tahoe,7.0,1,1,1,0,0,10,45,0.000,0.000,0.000,0,0,0,0
2014,Tahoe,5.0,1,1,1,1,1,1,1,1.000,1.000,1.000,0,0,0,0
2012,Tahoe,All Grades,1,5,5,5,4,14,49,1.000,1.000,0.800,0,0,1,0
2012,Tahoe,4.0,1,2,2,2,1,11,46,1.000,1.000,0.500,0,0,1,0
2012,Tahoe,3.0,1,1,1,1,1,1,1,1.000,1.000,1.000,0,0,0,0
2012,Tahoe,1.0,1,1,1,1,1,1,1,1.000,1.000,1.000,0,0,0,0
2012,Tahoe,0.0,1,1,1,1,1,1,1,1.000,1.000,1.000,0,0,0,0
2011,Tahoe,All Grades,2,8,6,6,2,99,252,1.000,0.750,0.333,0,0,1,0
2011,Tahoe,9.0,1,2,1,1,0,40,150,1.000,0.500,0.000,0,0,0,0
2011,Tahoe,6.0,2,2,2,2,1,3,21,1.000,1.000,0.500,0,0,0,0
2011,Tahoe,5.0,1,2,1,1,0,50,60,1.000,0.500,0.000,0,0,1,0
2011,Tahoe,4.0,2,2,2,2,1,6,21,1.000,1.000,0.500,0,0,0,0
2010,Tahoe,All Grades,1,2,2,2,0,20,150,1.000,1.000,0.000,0,0,1,0
2010,Tahoe,5.0,1,2,2,2,0,20,150,1.000,1.000,0.000,0,0,1,0
2008,Tahoe,All Grades,2,2,2,2,1,11,46,1.000,1.000,0.500,0,1,0,0
2008,Tahoe,4.0,2,2,2,2,1,11,46,1.000,1.000,0.500,0,1,0,0
All-Time,The Bar,All Grades,1,2,2,2,0,12,55,1.000,1.000,0.000,0,0,0,0
All-Time,The Bar,4.0,1,1,1,1,0,10,45,1.000,1.000,0.000,0,0,0,0
All-Time,The Bar,3.0,1,1,1,1,0,2,10,1.000,1.000,0.000,0,0,0,0
2011,The Bar,All Grades,1,2,2,2,0,12,55,1.000,1.000,0.000,0,0,0,0
2011,The Bar,4.0,1,1,1,1,0,10,45,1.000,1.000,0.000,0,0,0,0
2011,The Bar,3.0,1,1,1,1,0,2,10,1.000,1.000,0.000,0,0,0,0
All-Time,Tuolumne Meadows,All Grades,11,40,35,31,16,171,866,0.886,0.775,0.457,2,5,4,0
All-Time,Tuolumne Meadows,9.0,5,5,3,1,0,43,185,0.333,0.200,0.000,0,1,0,0
All-Time,Tuolumne Meadows,8.0,4,4,3,2,1,26,151,0.667,0.500,0.333,1,1,0,0
All-Time,Tuolumne Meadows,7.0,4,4,4,4,1,14,86,1.000,1.000,0.250,1,1,0,0
All-Time,Tuolumne Meadows,6.0,7,9,8,7,1,58,361,0.875,0.778,0.125,0,1,2,0
All-Time,Tuolumne Meadows,5.0,3,3,3,3,1,8,31,1.000,1.000,0.333,0,0,1,0
All-Time,Tuolumne Meadows,4.0,3,3,3,3,2,7,22,1.000,1.000,0.667,0,0,0,0
All-Time,Tuolumne Meadows,3.0,3,4,3,3,2,7,22,1.000,0.750,0.667,0,0,1,0
All-Time,Tuolumne Meadows,2.0,3,4,4,4,4,4,4,1.000,1.000,1.000,0,0,0,0
All-Time,Tuolumne Meadows,1.0,1,1,1,1,1,1,1,1.000,1.000,1.000,0,0,0,0
All-Time,Tuolumne Meadows,0.0,2,3,3,3,3,3,3,1.000,1.000,1.000,0,1,0,0
2016,Tuolumne Meadows,All Grades,4,8,8,6,1,44,286,0.750,0.750,0.125,0,1,1,0
2016,Tuolumne Meadows,9.0,1,1,1,0,0,3,20,0.000,0.000,0.000,0,0,0,0
2016,Tuolumne Meadows,8.0,1,1,1,1,0,5,30,1.000,1.000,0.000,0,1,0,0
2016,Tuolumne Meadows,7.0,1,1,1,1,0,5,20,1.000,1.000,0.000,0,0,0,0
2016,Tuolumne Meadows,6.0,3,3,3,2,0,25,195,0.667,0.667,0.000,0,0,1,0
2016,Tuolumne Meadows,4.0,1,1,1,1,0,5,20,1.000,1.000,0.000,0,0,0,0
2016,Tuolumne Meadows,2.0,1,1,1,1,1,1,1,1.000,1.000,1.000,0,0,0,0
2015,Tuolumne Meadows,All Grades,4,23,21,18,10,96,465,0.857,0.783,0.476,2,4,2,0
2015,Tuolumne Meadows,9.0,3,3,3,1,0,30,135,0.333,0.333,0.000,0,1,0,0
2015,Tuolumne Meadows,8.0,2,2,2,1,1,11,61,0.500,0.500,0.500,1,0,0,0
2015,Tuolumne Meadows,7.0,3,3,3,3,1,9,66,1.000,1.000,0.333,1,1,0,0
2015,Tuolumne Meadows,6.0,3,4,3,3,0,29,155,1.000,0.750,0.000,0,1,1,0
2015,Tuolumne Meadows,5.0,2,2,2,2,1,5,21,1.000,1.000,0.500,0,0,1,0
2015,Tuolumne Meadows,4.0,2,2,2,2,2,2,2,1.000,1.000,1.000,0,0,0,0
2015,Tuolumne Meadows,3.0,1,2,1,1,0,5,20,1.000,0.500,0.000,0,0,0,0
2015,Tuolumne Meadows,2.0,1,1,1,1,1,1,1,1.000,1.000,1.000,0,0,0,0
2015,Tuolumne Meadows,1.0,1,1,1,1,1,1,1,1.000,1.000,1.000,0,0,0,0
2015,Tuolumne Meadows,0.0,2,3,3,3,3,3,3,1.000,1.000,1.000,0,1,0,0
2014,Tuolumne Meadows,All Grades,3,9,9,7,5,31,115,0.778,0.778,0.556,0,0,1,0
2014,Tuolumne Meadows,9.0,1,1,1,0,0,10,30,0.000,0.000,0.000,0,0,0,0
2014,Tuolumne Meadows,8.0,1,1,1,0,0,10,60,0.000,0.000,0.000,0,0,0,0
2014,Tuolumne Meadows,6.0,1,2,2,2,1,4,11,1.000,1.000,0.500,0,0,0,0
2014,Tuolumne Meadows,5.0,1,1,1,1,0,3,10,1.000,1.000,0.000,0,0,0,0
2014,Tuolumne Meadows,3.0,2,2,2,2,2,2,2,1.000,1.000,1.000,0,0,1,0
2014,Tuolumne Meadows,2.0,1,2,2,2,2,2,2,1.000,1.000,1.000,0,0,0,0
All-Time,UCSC,All Grades,2,3,2,1,0,23,105,0.500,0.333,0.000,0,0,0,0
All-Time,UCSC,7.5,2,2,1,0,0,15,60,0.000,0.000,0.000,0,0,0,0
All-Time,UCSC,5.5,1,1,1,1,0,8,45,1.000,1.000,0.000,0,0,0,0
2020,UCSC,All Grades,2,3,2,1,0,23,105,0.500,0.333,0.000,0,0,0,0
2020,UCSC,7.5,2,2,1,0,0,15,60,0.000,0.000,0.000,0,0,0,0
2020,UCSC,5.5,1,1,1,1,0,8,45,1.000,1.000,0.000,0,0,0,0
All-Time,Val-David,All Grades,1,1,1,1,0,10,60,1.000,1.000,0.000,0,0,0,0
All-Time,Val-David,6.0,1,1,1,1,0,10,60,1.000,1.000,0.000,0,0,0,0
2012,Val-David,All Grades,1,1,1,1,0,10,60,1.000,1.000,0.000,0,0,0,0
2012,Val-David,6.0,1,1,1,1,0,10,60,1.000,1.000,0.000,0,0,0,0
All-Time,Varazze,All Grades,1,8,8,6,5,21,60,0.750,0.750,0.625,0,4,0,0
All-Time,Varazze,11.0,1,1,1,0,0,10,30,0.000,0.000,0.000,0,0,0,0
All-Time,Varazze,10.0,1,1,1,0,0,3,10,0.000,0.000,0.000,0,0,0,0
All-Time,Varazze,6.0,1,1,1,1,1,1,1,1.000,1.000,1.000,0,1,0,0
All-Time,Varazze,5.5,1,1,1,1,1,1,1,1.000,1.000,1.000,0,1,0,0
All-Time,Varazze,5.0,1,3,3,3,2,5,17,1.000,1.000,0.667,0,2,0,0
All-Time,Varazze,4.0,1,1,1,1,1,1,1,1.000,1.000,1.000,0,0,0,0
2024,Varazze,All Grades,1,8,8,6,5,21,60,0.750,0.750,0.625,0,4,0,0
2024,Varazze,11.0,1,1,1,0,0,10,30,0.000,0.000,0.000,0,0,0,0
2024,Varazze,10.0,1,1,1,0,0,3,10,0.000,0.000,0.000,0,0,0,0
2024,Varazze,6.0,1,1,1,1,1,1,1,1.000,1.000,1.000,0,1,0,0
2024,Varazze,5.5,1,1,1,1,1,1,1,1.000,1.000,1.000,0,1,0,0
2024,Varazze,5.0,1,3,3,3,2,5,17,1.000,1.000,0.667,0,2,0,0
2024,Varazze,4.0,1,1,1,1,1,1,1,1.000,1.000,1.000,0,0,0,0
All-Time,Yosemite,All Grades,8,25,22,13,3,160,768,0.591,0.520,0.136,0,2,2,0
All-Time,Yosemite,10.0,2,2,1,0,0,40,165,0.000,0.000,0.000,0,0,0,0
All-Time,Yosemite,9.0,1,1,1,0,0,5,20,0.000,0.000,0.000,0,0,0,0
All-Time,Yosemite,8.0,2,2,2,0,0,7,30,0.000,0.000,0.000,0,0,0,0
All-Time,Yosemite,7.0,3,5,4,3,0,30,150,0.750,0.600,0.000,0,0,0,0
All-Time,Yosemite,6.0,5,9,8,6,1,59,311,0.750,0.667,0.125,0,2,2,0
All-Time,Yosemite,5.0,1,1,1,0,0,2,10,0.000,0.000,0.000,0,0,0,0
All-Time,Yosemite,4.0,3,3,3,3,2,7,22,1.000,1.000,0.667,0,0,0,0
All-Time,Yosemite,3.0,2,2,2,1,0,10,60,0.500,0.500,0.000,0,0,0,0
2025,Yosemite,All Grades,1,1,1,0,0,5,45,0.000,0.000,0.000,0,0,0,0
2025,Yosemite,10.0,1,1,1,0,0,5,45,0.000,0.000,0.000,0,0,0,0
2021,Yosemite,All Grades,1,3,3,1,0,25,125,0.333,0.333,0.000,0,0,0,0
2021,Yosemite,6.0,1,1,1,0,0,15,60,0.000,0.000,0.000,0,0,0,0
2021,Yosemite,4.0,1,1,1,1,0,5,20,1.000,1.000,0.000,0,0,0,0
2021,Yosemite,3.0,1,1,1,0,0,5,45,0.000,0.000,0.000,0,0,0,0
2016,Yosemite,All Grades,6,21,19,12,3,130,598,0.632,0.571,0.158,0,2,2,0
2016,Yosemite,10.0,1,1,1,0,0,35,120,0.000,0.000,0.000,0,0,0,0
2016,Yosemite,9.0,1,1,1,0,0,5,20,0.000,0.000,0.000,0,0,0,0
2016,Yosemite,8.0,2,2,2,0,0,7,30,0.000,0.000,0.000,0,0,0,0
2016,Yosemite,7.0,3,5,4,3,0,30,150,0.750,0.600,0.000,0,0,0,0
2016,Yosemite,6.0,4,8,7,6,1,44,251,0.857,0.750,0.143,0,2,2,0
2016,Yosemite,5.0,1,1,1,0,0,2,10,0.000,0.000,0.000,0,0,0,0
2016,Yosemite,4.0,2,2,2,2,2,2,2,1.000,1.000,1.000,0,0,0,0
2016,Yosemite,3.0,1,1,1,1,0,5,15,1.000,1.000,0.000,0,0,0,0
