Row,Year,V Grade,Days,Sessions,Distinct Boulders,Completed,Flashed,Total Attempts,Total Minutes,Completion Rate,Success Rate,Flash Rate,Avg Attempts/Completion,Avg Minutes/Completion,Bounty Extra Soft,Soft,Hard,FA,ATHLETIC,CRUXY,SLOPEY,CRIMPY,SHARP,TECHNICAL,POWER,ENDURANCE,OVERHANG,VERTICAL,SLAB,ROOF,SCARY
1,"""All-Time""","""All""",361,1112,916,732,220,7868,33807,0.799,0.658,0.240,8,33,8,104,94,9,49,46,50,76,36,33,59,37,152,41,8,28,65
2,"""All-Time""","""V11""",14,14,7,1,0,227,1055,0.143,0.071,0.000,145,720,0,0,0,0,0,1,0,1,0,0,1,0,1,0,0,0,0
3,"""All-Time""","""V10""",55,63,38,12,0,806,3361,0.316,0.190,0.000,34,144,0,9,1,0,3,3,2,6,3,4,5,0,6,0,0,2,0
4,"""All-Time""","""V9""",83,116,73,36,0,1397,6255,0.493,0.310,0.000,25,115,1,16,4,0,8,13,4,9,6,3,11,6,22,0,1,4,5
5,"""All-Time""","""V8/9""",1,1,1,0,0,30,150,0.000,0.000,0.000,,,0,0,0,0,0,0,0,0,0,0,0,0,0,0,0,0,0
6,"""All-Time""","""V8""",102,137,107,64,3,1275,5635,0.598,0.467,0.028,14,58,2,23,5,1,6,11,8,13,7,6,19,7,25,2,1,6,5
7,"""All-Time""","""V7/8""",19,22,19,14,0,223,950,0.737,0.636,0.000,12,49,0,3,3,0,3,3,2,1,0,3,3,0,8,1,0,0,2
8,"""All-Time""","""V7""",113,148,113,91,10,1166,5223,0.805,0.615,0.088,10,43,4,16,11,1,10,8,9,11,5,2,7,7,29,1,0,3,9
9,"""All-Time""","""V6""",122,160,134,113,18,1073,5294,0.843,0.706,0.134,8,34,0,15,19,3,5,2,10,14,5,5,9,6,26,8,0,4,8
10,"""All-Time""","""V5/6""",13,17,15,14,5,107,359,0.933,0.824,0.333,4,16,0,3,3,0,1,1,0,0,0,0,0,0,4,1,0,0,1
11,"""All-Time""","""V5""",98,125,115,102,26,643,2467,0.887,0.816,0.226,6,22,1,10,18,1,6,3,6,9,3,4,3,2,17,7,2,4,11
12,"""All-Time""","""V4/5""",5,7,7,7,4,20,64,1.000,1.000,0.571,3,9,0,1,1,0,0,0,0,2,0,0,0,0,1,0,0,0,0
13,"""All-Time""","""V4""",98,131,123,119,54,468,1763,0.967,0.908,0.439,4,14,0,5,15,0,3,0,6,5,2,2,0,7,6,5,1,4,8
14,"""All-Time""","""V3/4""",3,5,5,5,4,9,19,1.000,1.000,0.800,2,4,0,0,1,0,0,0,0,0,1,0,0,0,0,0,0,0,0
15,"""All-Time""","""V3""",69,83,78,73,40,277,841,0.936,0.880,0.513,3,7,0,2,6,0,1,0,3,2,1,3,0,0,2,5,3,0,7
16,"""All-Time""","""V2""",36,40,38,38,22,89,272,1.000,0.950,0.579,2,7,0,0,5,1,1,1,0,2,2,1,1,1,4,8,0,1,3
17,"""All-Time""","""V1""",19,21,21,21,17,28,42,1.000,1.000,0.810,1,2,0,0,1,2,2,0,0,1,0,0,0,0,1,2,0,0,3
18,"""All-Time""","""V0""",19,22,22,22,17,30,57,1.000,1.000,0.773,1,3,0,1,1,0,0,0,0,0,1,0,0,1,0,1,0,0,3
19,"""Last 365""","""All""",10,20,19,8,3,171,799,0.421,0.400,0.158,7,37,0,2,1,0,1,1,1,0,0,0,0,1,1,0,0,0,0
20,"""Last 365""","""V9""",2,3,3,0,0,50,180,0.000,0.000,0.000,,,0,0,0,0,0,0,0,0,0,0,0,0,0,0,0,0,0
21,"""Last 365""","""V8""",4,6,5,2,0,44,211,0.400,0.333,0.000,11,53,0,1,0,0,1,0,0,0,0,0,0,1,0,0,0,0,0
22,"""Last 365""","""V7""",1,1,1,0,0,5,20,0.000,0.000,0.000,,,0,0,0,0,0,0,0,0,0,0,0,0,0,0,0,0,0
23,"""Last 365""","""V6""",3,3,3,2,0,50,300,0.667,0.667,0.000,15,90,0,0,1,0,0,1,1,0,0,0,0,0,0,0,0,0,0
24,"""Last 365""","""V5""",5,5,5,3,2,16,72,0.600,0.600,0.400,1,2,0,0,0,0,0,0,0,0,0,0,0,0,1,0,0,0,0
25,"""Last 365""","""V4""",2,2,2,1,1,6,16,0.500,0.500,0.500,1,1,0,1,0,0,0,0,0,0,0,0,0,0,0,0,0,0,0
26,"""2023""","""All""",4,7,7,3,1,64,331,0.429,0.429,0.143,7,36,0,2,0,0,1,0,0,0,0,0,0,1,0,0,0,0,0
27,"""2023""","""V8""",2,4,4,2,0,33,150,0.500,0.500,0.000,11,53,0,1,0,0,1,0,0,0,0,0,0,1,0,0,0,0,0
28,"""2023""","""V6""",1,1,1,0,0,20,120,0.000,0.000,0.000,,,0,0,0,0,0,0,0,0,0,0,0,0,0,0,0,0,0
29,"""2023""","""V5""",1,1,1,0,0,10,60,0.000,0.000,0.000,,,0,0,0,0,0,0,0,0,0,0,0,0,0,0,0,0,0
30,"""2023""","""V4""",1,1,1,1,1,1,1,1.000,1.000,1.000,1,1,0,1,0,0,0,0,0,0,0,0,0,0,0,0,0,0,0
31,"""2022""","""All""",51,155,124,87,27,1207,5221,0.702,0.561,0.218,10,44,0,13,10,2,3,8,2,12,4,0,2,0,9,4,2,3,7
32,"""2022""","""V11""",8,8,3,1,0,165,795,0.333,0.125,0.000,145,720,0,0,0,0,0,1,0,1,0,0,1,0,1,0,0,0,0
33,"""2022""","""V10""",10,11,9,2,0,130,570,0.222,0.182,0.000,33,158,0,2,0,0,1,1,0,2,1,0,0,0,2,0,0,0,0
34,"""2022""","""V9""",13,15,12,2,0,131,550,0.167,0.133,0.000,9,45,0,2,0,0,1,2,0,0,0,0,0,0,1,0,0,0,1
35,"""2022""","""V8""",13,16,12,8,0,130,626,0.667,0.500,0.000,13,65,0,5,0,0,0,1,0,1,1,0,1,0,3,0,0,0,0
36,"""2022""","""V7""",12,13,9,6,0,132,620,0.667,0.462,0.000,18,83,0,1,1,0,0,1,1,1,0,0,0,0,0,0,0,1,0
37,"""2022""","""V6""",20,25,19,16,0,236,1135,0.842,0.640,0.000,19,75,0,0,4,2,1,2,1,4,2,0,0,0,1,1,0,0,0
38,"""2022""","""V5/6""",3,3,1,0,0,45,135,0.000,0.000,0.000,,,0,0,0,0,0,0,0,0,0,0,0,0,0,0,0,0,0
39,"""2022""","""V5""",11,11,11,8,2,49,148,0.727,0.727,0.182,5,16,0,1,1,0,0,0,0,0,0,0,0,0,1,0,0,0,1
40,"""2022""","""V4""",15,17,14,12,6,82,336,0.857,0.706,0.429,4,20,0,1,2,0,0,0,0,1,0,0,0,0,0,1,0,1,2
41,"""2022""","""V3""",13,19,17,15,7,77,231,0.882,0.789,0.412,2,5,0,1,0,0,0,0,0,1,0,0,0,0,0,1,2,0,1
42,"""2022""","""V2""",6,6,6,6,3,17,63,1.000,1.000,0.500,3,11,0,0,2,0,0,0,0,1,0,0,0,0,0,1,0,1,1
43,"""2022""","""V1""",4,5,5,5,5,5,5,1.000,1.000,1.000,1,1,0,0,0,0,0,0,0,0,0,0,0,0,0,0,0,0,0
44,"""2022""","""V0""",6,6,6,6,4,8,7,1.000,1.000,0.667,1,1,0,0,0,0,0,0,0,0,0,0,0,0,0,0,0,0,1
45,"""2021""","""All""",15,37,35,20,4,320,1309,0.571,0.541,0.114,9,33,0,1,1,0,3,1,5,3,1,0,0,1,2,1,0,0,4
46,"""2021""","""V10""",6,6,4,0,0,60,210,0.000,0.000,0.000,,,0,0,0,0,0,0,0,0,0,0,0,0,0,0,0,0,0
47,"""2021""","""V9""",4,4,4,1,0,50,255,0.250,0.250,0.000,25,120,0,0,0,0,0,0,0,1,1,0,0,0,0,0,0,0,0
48,"""2021""","""V8""",4,4,4,2,0,60,225,0.500,0.500,0.000,25,70,0,0,0,0,0,1,2,0,0,0,0,0,0,0,0,0,0
49,"""2021""","""V7""",7,9,9,6,0,88,370,0.667,0.667,0.000,9,43,0,0,1,0,2,0,1,1,0,0,0,0,1,0,0,0,1
50,"""2021""","""V6""",4,4,4,3,0,33,130,0.750,0.750,0.000,6,23,0,1,0,0,0,0,1,1,0,0,0,0,0,1,0,0,0
51,"""2021""","""V5""",3,3,3,2,0,13,45,0.667,0.667,0.000,6,20,0,0,0,0,1,0,0,0,0,0,0,1,1,0,0,0,1
52,"""2021""","""V4""",3,3,3,3,2,7,22,1.000,1.000,0.667,2,7,0,0,0,0,0,0,0,0,0,0,0,0,0,0,0,0,1
53,"""2021""","""V3""",3,3,3,2,2,7,47,0.667,0.667,0.667,1,1,0,0,0,0,0,0,1,0,0,0,0,0,0,0,0,0,0
54,"""2021""","""V0""",1,1,1,1,0,2,5,1.000,1.000,0.000,2,5,0,0,0,0,0,0,0,0,0,0,0,0,0,0,0,0,1
55,"""2020""","""All""",10,26,21,14,2,127,508,0.667,0.538,0.095,5,22,0,0,0,1,0,0,2,0,1,0,0,1,9,0,0,0,2
56,"""2020""","""V10""",1,1,1,0,0,15,60,0.000,0.000,0.000,,,0,0,0,0,0,0,0,0,0,0,0,0,0,0,0,0,0
57,"""2020""","""V8""",1,1,1,0,0,10,20,0.000,0.000,0.000,,,0,0,0,0,0,0,0,0,0,0,0,0,0,0,0,0,0
58,"""2020""","""V7/8""",2,2,1,0,0,15,60,0.000,0.000,0.000,,,0,0,0,0,0,0,0,0,0,0,0,0,0,0,0,0,0
59,"""2020""","""V7""",3,6,5,3,0,27,125,0.600,0.500,0.000,7,33,0,0,0,1,0,0,0,0,0,0,0,0,3,0,0,0,1
60,"""2020""","""V5/6""",1,1,1,1,0,8,45,1.000,1.000,0.000,8,45,0,0,0,0,0,0,0,0,0,0,0,0,1,0,0,0,0
61,"""2020""","""V5""",5,9,6,4,0,38,162,0.667,0.444,0.000,7,32,0,0,0,0,0,0,1,0,1,0,0,0,3,0,0,0,1
62,"""2020""","""V4""",4,4,4,4,1,11,33,1.000,1.000,0.250,3,8,0,0,0,0,0,0,0,0,0,0,0,1,1,0,0,0,0
63,"""2020""","""V3""",1,1,1,1,0,2,2,1.000,1.000,0.000,2,2,0,0,0,0,0,0,1,0,0,0,0,0,0,0,0,0,0
64,"""2020""","""V2""",1,1,1,1,1,1,1,1.000,1.000,1.000,1,1,0,0,0,0,0,0,0,0,0,0,0,0,1,0,0,0,0
65,"""2018""","""All""",66,232,213,154,37,1805,6965,0.723,0.664,0.174,8,28,3,30,25,2,11,10,3,8,3,11,7,5,30,9,2,9,10
66,"""2018""","""V11""",4,4,3,0,0,50,225,0.000,0.000,0.000,,,0,0,0,0,0,0,0,0,0,0,0,0,0,0,0,0,0
67,"""2018""","""V10""",20,22,13,5,0,313,1226,0.385,0.227,0.000,42,165,0,3,1,0,1,1,2,2,0,3,3,0,1,0,0,1,0
68,"""2018""","""V9""",22,25,22,13,0,328,1350,0.591,0.520,0.000,17,68,1,5,1,0,3,4,0,1,1,1,2,2,7,0,0,1,1
69,"""2018""","""V8/9""",1,1,1,0,0,30,150,0.000,0.000,0.000,,,0,0,0,0,0,0,0,0,0,0,0,0,0,0,0,0,0
70,"""2018""","""V8""",23,30,27,13,1,270,1132,0.481,0.433,0.037,12,45,1,5,1,0,1,3,0,1,2,2,1,2,3,2,0,2,2
71,"""2018""","""V7/8""",12,14,14,10,0,153,630,0.714,0.714,0.000,14,53,0,3,3,0,3,1,1,0,0,2,0,0,4,1,0,0,1
72,"""2018""","""V7""",24,26,25,17,2,198,712,0.680,0.654,0.080,8,25,0,5,1,0,1,0,0,1,0,1,0,0,4,0,0,1,2
73,"""2018""","""V6""",21,26,26,21,2,165,784,0.808,0.808,0.077,6,22,0,1,6,0,0,0,0,0,0,2,1,0,4,3,0,2,1
74,"""2018""","""V5/6""",7,11,11,11,4,51,168,1.000,1.000,0.364,5,15,0,3,3,0,1,1,0,0,0,0,0,0,3,0,0,0,0
75,"""2018""","""V5""",19,24,24,21,4,96,262,0.875,0.875,0.167,4,11,1,4,3,0,0,0,0,1,0,0,0,0,2,1,1,1,1
76,"""2018""","""V4/5""",2,2,2,2,0,13,30,1.000,1.000,0.000,7,15,0,0,1,0,0,0,0,1,0,0,0,0,0,0,0,0,0
77,"""2018""","""V4""",17,23,22,21,12,61,129,0.955,0.913,0.545,3,6,0,0,2,0,1,0,0,1,0,0,0,0,1,0,1,1,0
78,"""2018""","""V3/4""",1,1,1,1,0,5,15,1.000,1.000,0.000,5,15,0,0,0,0,0,0,0,0,0,0,0,0,0,0,0,0,0
79,"""2018""","""V3""",11,11,11,8,4,47,104,0.727,0.727,0.364,2,5,0,1,1,0,0,0,0,0,0,0,0,0,0,0,0,0,1
80,"""2018""","""V2""",6,6,5,5,3,18,38,1.000,0.833,0.600,4,8,0,0,0,1,0,0,0,0,0,0,0,1,1,1,0,0,0
81,"""2018""","""V1""",3,3,3,3,2,4,7,1.000,1.000,0.667,1,2,0,0,1,1,0,0,0,0,0,0,0,0,0,1,0,0,1
82,"""2018""","""V0""",3,3,3,3,3,3,3,1.000,1.000,1.000,1,1,0,0,1,0,0,0,0,0,0,0,0,0,0,0,0,0,0
83,"""2017""","""All""",31,75,60,36,8,639,3068,0.600,0.480,0.133,11,52,0,7,5,0,0,2,4,5,3,4,2,2,13,3,0,2,4
84,"""2017""","""V11""",1,1,1,0,0,10,30,0.000,0.000,0.000,,,0,0,0,0,0,0,0,0,0,0,0,0,0,0,0,0,0
85,"""2017""","""V10""",4,6,4,2,0,95,425,0.500,0.333,0.000,38,188,0,2,0,0,0,1,0,1,1,0,0,0,1,0,0,0,0
86,"""2017""","""V9""",11,16,10,5,0,190,950,0.500,0.313,0.000,20,114,0,4,1,0,0,1,2,3,2,1,0,1,3,0,0,1,0
87,"""2017""","""V8""",11,12,11,3,0,114,595,0.273,0.250,0.000,15,80,0,0,1,0,0,0,0,0,0,0,1,0,1,0,0,1,0
88,"""2017""","""V7""",12,17,12,7,0,119,565,0.583,0.412,0.000,11,44,0,1,1,0,0,0,0,1,0,0,0,1,3,0,0,0,1
89,"""2017""","""V6""",8,10,10,7,3,56,278,0.700,0.700,0.300,4,23,0,0,1,0,0,0,1,0,0,0,1,0,4,0,0,0,1
90,"""2017""","""V5""",3,4,4,4,0,30,145,1.000,1.000,0.000,8,36,0,0,0,0,0,0,0,0,0,1,0,0,1,1,0,0,1
91,"""2017""","""V4""",2,3,2,2,1,16,61,1.000,0.667,0.500,8,31,0,0,1,0,0,0,0,0,0,1,0,0,0,1,0,0,0
92,"""2017""","""V3""",4,5,5,5,4,7,9,1.000,1.000,0.800,1,2,0,0,0,0,0,0,1,0,0,0,0,0,0,0,0,0,0
93,"""2017""","""V2""",1,1,1,1,0,2,10,1.000,1.000,0.000,2,10,0,0,0,0,0,0,0,0,0,1,0,0,0,1,0,0,1
94,"""2016""","""All""",57,165,147,112,32,941,4657,0.762,0.679,0.218,6,28,3,13,18,1,7,11,6,12,6,8,7,3,22,15,1,0,19
95,"""2016""","""V10""",5,6,5,0,0,93,445,0.000,0.000,0.000,,,0,0,0,0,0,0,0,0,0,0,0,0,0,0,0,0,0
96,"""2016""","""V9""",7,11,7,4,0,98,680,0.571,0.364,0.000,20,149,0,3,0,0,1,3,1,0,0,1,2,0,4,0,1,0,3
97,"""2016""","""V8""",15,19,18,8,0,142,625,0.444,0.421,0.000,8,33,0,3,0,0,1,1,0,2,0,1,2,0,4,0,0,0,2
98,"""2016""","""V7""",22,29,25,19,2,231,1078,0.760,0.655,0.080,9,43,3,1,3,0,1,5,2,4,3,0,1,0,5,0,0,0,1
99,"""2016""","""V6""",25,40,33,26,5,223,1247,0.788,0.650,0.152,7,36,0,5,6,0,0,0,3,3,1,2,1,2,7,2,0,0,4
100,"""2016""","""V5""",15,19,19,16,6,69,291,0.842,0.842,0.316,4,15,0,1,2,0,2,1,0,1,1,0,0,0,1,2,0,0,3
101,"""2016""","""V4""",18,20,19,18,9,40,159,0.947,0.900,0.474,2,8,0,0,3,0,1,0,0,1,0,1,0,1,0,3,0,0,2
102,"""2016""","""V3""",7,8,8,8,5,14,30,1.000,1.000,0.625,2,4,0,0,1,0,0,0,0,0,0,3,0,0,0,4,0,0,2
103,"""2016""","""V2""",8,8,8,8,3,20,83,1.000,1.000,0.375,3,10,0,0,3,0,1,1,0,0,1,0,1,0,1,3,0,0,1
104,"""2016""","""V1""",3,4,4,4,2,9,17,1.000,1.000,0.500,2,4,0,0,0,1,0,0,0,1,0,0,0,0,0,0,0,0,1
105,"""2016""","""V0""",1,1,1,1,0,2,2,1.000,1.000,0.000,2,2,0,0,0,0,0,0,0,0,0,0,0,0,0,1,0,0,0
106,"""2015""","""All""",33,113,91,70,21,819,3808,0.769,0.619,0.231,9,39,2,16,10,1,3,0,5,8,7,4,9,3,20,1,0,4,0
107,"""2015""","""V10""",3,4,3,1,0,37,180,0.333,0.250,0.000,12,60,0,1,0,0,0,0,0,1,0,0,0,0,1,0,0,0,0
108,"""2015""","""V9""",10,14,9,3,0,235,815,0.333,0.214,0.000,53,155,0,1,2,0,1,0,0,1,1,0,3,0,3,0,0,1,0
109,"""2015""","""V8""",11,18,13,10,1,173,836,0.769,0.556,0.077,16,74,1,4,1,1,0,0,1,4,2,1,3,0,6,0,0,1,0
110,"""2015""","""V7""",11,18,12,10,2,132,802,0.833,0.556,0.167,11,65,1,4,1,0,1,0,1,1,0,1,1,2,3,0,0,0,0
111,"""2015""","""V6""",16,20,19,12,0,111,572,0.632,0.600,0.000,5,26,0,2,1,0,1,0,1,0,0,1,2,0,4,0,0,1,0
112,"""2015""","""V5""",7,11,8,8,3,67,338,1.000,0.727,0.375,8,42,0,1,2,0,0,0,1,1,0,1,0,0,2,1,0,0,0
113,"""2015""","""V4""",10,17,17,17,8,37,148,1.000,1.000,0.471,2,9,0,2,3,0,0,0,1,0,2,0,0,0,1,0,0,1,0
114,"""2015""","""V3""",4,5,4,3,2,17,82,0.750,0.600,0.500,2,7,0,0,0,0,0,0,0,0,1,0,0,0,0,0,0,0,0
115,"""2015""","""V2""",1,1,1,1,1,1,1,1.000,1.000,1.000,1,1,0,0,0,0,0,0,0,0,0,0,0,0,0,0,0,0,0
116,"""2015""","""V1""",1,1,1,1,1,1,1,1.000,1.000,1.000,1,1,0,0,0,0,0,0,0,0,0,0,0,0,0,0,0,0,0
117,"""2015""","""V0""",3,4,4,4,3,8,33,1.000,1.000,0.750,2,8,0,1,0,0,0,0,0,0,1,0,0,1,0,0,0,0,0
118,"""2014""","""All""",26,92,88,69,39,423,1759,0.784,0.750,0.443,4,17,0,4,7,0,6,4,3,8,4,4,13,7,18,6,0,7,9
119,"""2014""","""V11""",1,1,1,0,0,2,5,0.000,0.000,0.000,,,0,0,0,0,0,0,0,0,0,0,0,0,0,0,0,0,0
120,"""2014""","""V10""",6,7,6,2,0,63,245,0.333,0.286,0.000,22,75,0,1,0,0,1,0,0,0,1,1,2,0,1,0,0,1,0
121,"""2014""","""V9""",9,11,9,2,0,105,465,0.222,0.182,0.000,25,120,0,0,0,0,0,0,0,1,0,0,2,2,1,0,0,1,0
122,"""2014""","""V8""",7,9,8,5,1,71,326,0.625,0.556,0.125,10,41,0,1,1,0,0,2,2,1,0,2,5,2,4,0,0,2,1
123,"""2014""","""V7/8""",5,6,6,4,0,55,260,0.667,0.667,0.000,8,39,0,0,0,0,0,2,1,1,0,1,3,0,4,0,0,0,1
124,"""2014""","""V7""",6,8,8,7,3,32,148,0.875,0.875,0.375,3,15,0,0,0,0,3,0,0,1,1,0,0,1,3,1,0,1,2
125,"""2014""","""V6""",7,9,9,9,3,34,143,1.000,1.000,0.333,4,16,0,1,1,0,1,0,0,1,0,0,1,2,2,1,0,1,1
126,"""2014""","""V5/6""",2,2,2,2,1,3,11,1.000,1.000,0.500,2,6,0,0,0,0,0,0,0,0,0,0,0,0,0,1,0,0,1
127,"""2014""","""V5""",9,12,12,11,7,25,72,0.917,0.917,0.583,2,6,0,0,2,0,1,0,0,1,0,0,0,0,2,1,0,1,1
128,"""2014""","""V4/5""",3,5,5,5,4,7,34,1.000,1.000,0.800,1,7,0,1,0,0,0,0,0,1,0,0,0,0,1,0,0,0,0
129,"""2014""","""V4""",2,3,3,3,2,5,17,1.000,1.000,0.667,2,6,0,0,0,0,0,0,0,0,0,0,0,0,0,0,0,0,0
130,"""2014""","""V3/4""",2,4,4,4,4,4,4,1.000,1.000,1.000,1,1,0,0,1,0,0,0,0,0,1,0,0,0,0,0,0,0,0
131,"""2014""","""V3""",7,7,7,7,6,9,21,1.000,1.000,0.857,1,3,0,0,2,0,0,0,0,0,0,0,0,0,0,0,0,0,2
132,"""2014""","""V2""",5,6,6,6,6,6,6,1.000,1.000,1.000,1,1,0,0,0,0,0,0,0,1,1,0,0,0,0,2,0,0,0
133,"""2014""","""V1""",1,1,1,1,1,1,1,1.000,1.000,1.000,1,1,0,0,0,0,0,0,0,0,0,0,0,0,0,0,0,0,0
134,"""2014""","""V0""",1,1,1,1,1,1,1,1.000,1.000,1.000,1,1,0,0,0,0,0,0,0,0,0,0,0,0,0,0,0,0,0
135,"""2013""","""All""",14,34,27,22,4,196,861,0.815,0.647,0.148,7,31,0,3,3,0,5,4,2,3,2,0,5,1,6,0,0,1,4
136,"""2013""","""V9""",1,5,1,1,0,50,300,1.000,0.200,0.000,50,300,0,0,0,0,0,1,0,1,1,0,0,0,1,0,0,0,0
137,"""2013""","""V8""",5,7,6,3,0,50,190,0.500,0.429,0.000,8,30,0,1,0,0,2,1,0,0,0,0,2,0,2,0,0,0,0
138,"""2013""","""V7""",3,4,3,3,0,19,67,1.000,0.750,0.000,6,22,0,2,0,0,2,1,1,1,0,0,1,0,1,0,0,0,0
139,"""2013""","""V6""",2,2,2,0,0,23,80,0.000,0.000,0.000,,,0,0,0,0,0,0,0,0,0,0,0,0,0,0,0,0,0
140,"""2013""","""V5""",6,7,6,6,1,32,141,1.000,0.857,0.167,5,24,0,0,1,0,1,1,1,1,1,0,2,1,1,0,0,1,1
141,"""2013""","""V4""",3,4,4,4,0,14,60,1.000,1.000,0.000,4,15,0,0,1,0,0,0,0,0,0,0,0,0,0,0,0,0,1
142,"""2013""","""V3""",1,1,1,1,0,3,15,1.000,1.000,0.000,3,15,0,0,1,0,0,0,0,0,0,0,0,0,0,0,0,0,1
143,"""2013""","""V1""",2,2,2,2,1,3,6,1.000,1.000,0.500,2,3,0,0,0,0,0,0,0,0,0,0,0,0,1,0,0,0,1
144,"""2013""","""V0""",1,2,2,2,2,2,2,1.000,1.000,1.000,1,1,0,0,0,0,0,0,0,0,0,0,0,0,0,0,0,0,0
145,"""2012""","""All""",21,79,73,67,25,461,1705,0.918,0.848,0.342,6,23,0,4,9,2,2,4,6,7,1,0,3,5,15,1,1,1,2
146,"""2012""","""V9""",2,4,2,1,0,50,200,0.500,0.250,0.000,45,180,0,0,0,0,0,1,0,0,0,0,0,0,1,0,0,0,0
147,"""2012""","""V8""",3,6,5,3,0,57,250,0.600,0.500,0.000,17,70,0,2,0,0,0,1,1,2,1,0,1,0,1,0,0,0,0
148,"""2012""","""V7""",7,9,7,6,1,108,371,0.857,0.667,0.143,16,59,0,1,3,0,0,1,2,0,0,0,2,2,4,0,0,0,0
149,"""2012""","""V6""",5,5,5,3,0,58,245,0.600,0.600,0.000,12,55,0,0,0,1,0,0,1,2,0,0,0,1,2,0,0,0,0
150,"""2012""","""V5""",9,11,11,11,2,48,182,1.000,1.000,0.182,4,17,0,1,3,1,0,1,0,2,0,0,0,0,2,1,0,1,1
151,"""2012""","""V4""",11,16,16,16,6,72,266,1.000,1.000,0.375,5,17,0,0,2,0,0,0,2,0,0,0,0,2,2,0,0,0,0
152,"""2012""","""V3""",11,13,13,13,6,41,121,1.000,1.000,0.462,3,9,0,0,1,0,1,0,0,1,0,0,0,0,2,0,1,0,0
153,"""2012""","""V2""",6,9,8,8,4,21,64,1.000,0.889,0.500,3,8,0,0,0,0,0,0,0,0,0,0,0,0,1,0,0,0,0
154,"""2012""","""V1""",2,2,2,2,2,2,2,1.000,1.000,1.000,1,1,0,0,0,0,1,0,0,0,0,0,0,0,0,0,0,0,0
155,"""2012""","""V0""",3,4,4,4,4,4,4,1.000,1.000,1.000,1,1,0,0,0,0,0,0,0,0,0,0,0,0,0,0,0,0,1
156,"""2011""","""All""",15,50,38,37,8,467,1963,0.974,0.740,0.211,12,51,0,6,4,0,3,1,3,5,2,1,5,4,3,0,1,0,3
157,"""2011""","""V9""",4,11,4,4,0,160,690,1.000,0.364,0.000,40,173,0,1,0,0,2,1,1,1,0,0,2,1,1,0,0,0,0
158,"""2011""","""V8""",4,7,5,5,0,95,465,1.000,0.714,0.000,19,93,0,1,1,0,0,0,0,2,1,0,1,2,0,0,1,0,0
159,"""2011""","""V7""",3,5,4,4,0,40,180,1.000,0.800,0.000,10,45,0,1,0,0,0,0,0,0,1,0,1,0,1,0,0,0,1
160,"""2011""","""V6""",6,9,9,8,4,33,184,0.889,0.889,0.444,3,16,0,3,0,0,1,0,0,1,0,0,1,0,1,0,0,0,1
161,"""2011""","""V5""",5,6,5,5,1,81,201,1.000,0.833,0.200,16,40,0,0,2,0,0,0,1,1,0,1,0,0,0,0,0,0,0
162,"""2011""","""V4""",6,8,7,7,2,49,212,1.000,0.875,0.286,7,30,0,0,1,0,0,0,1,0,0,0,0,1,0,0,0,0,1
163,"""2011""","""V3""",2,2,2,2,0,6,25,1.000,1.000,0.000,3,13,0,0,0,0,0,0,0,0,0,0,0,0,0,0,0,0,0
164,"""2011""","""V2""",1,1,1,1,0,2,5,1.000,1.000,0.000,2,5,0,0,0,0,0,0,0,0,0,0,0,0,0,0,0,0,0
165,"""2011""","""V1""",1,1,1,1,1,1,1,1.000,1.000,1.000,1,1,0,0,0,0,0,0,0,0,0,0,0,0,0,0,0,0,0
166,"""2010""","""All""",14,40,37,34,9,346,1469,0.919,0.850,0.243,9,39,0,4,2,0,4,1,9,4,2,1,6,3,5,0,1,1,1
167,"""2010""","""V8""",3,4,3,2,0,70,195,0.667,0.500,0.000,30,83,0,0,0,0,1,1,2,0,0,0,2,0,1,0,0,0,0
168,"""2010""","""V7""",3,4,4,3,0,40,185,0.750,0.750,0.000,10,55,0,0,0,0,0,0,1,0,0,0,1,1,1,0,0,0,0
169,"""2010""","""V6""",7,9,9,8,1,81,376,0.889,0.889,0.111,8,36,0,2,0,0,1,0,2,2,2,0,2,1,1,0,0,0,0
170,"""2010""","""V5""",5,7,6,6,0,85,420,1.000,0.857,0.000,14,70,0,2,2,0,1,0,2,1,0,1,1,0,1,0,1,0,0
171,"""2010""","""V4""",3,8,7,7,2,51,242,1.000,0.875,0.286,7,35,0,0,0,0,1,0,2,1,0,0,0,1,1,0,0,1,1
172,"""2010""","""V3""",3,6,6,6,4,17,49,1.000,1.000,0.667,3,8,0,0,0,0,0,0,0,0,0,0,0,0,0,0,0,0,0
173,"""2010""","""V2""",1,1,1,1,1,1,1,1.000,1.000,1.000,1,1,0,0,0,0,0,0,0,0,0,0,0,0,0,0,0,0,0
174,"""2010""","""V1""",1,1,1,1,1,1,1,1.000,1.000,1.000,1,1,0,0,0,0,0,0,0,0,0,0,0,0,0,0,0,0,0
175,"""2009""","""All""",2,5,5,5,2,42,137,1.000,1.000,0.400,8,27,0,0,0,0,1,0,0,0,0,0,0,0,0,1,0,0,0
176,"""2009""","""V4""",1,2,2,2,1,11,31,1.000,1.000,0.500,6,16,0,0,0,0,0,0,0,0,0,0,0,0,0,0,0,0,0
177,"""2009""","""V3""",2,2,2,2,0,30,105,1.000,1.000,0.000,15,53,0,0,0,0,0,0,0,0,0,0,0,0,0,0,0,0,0
178,"""2009""","""V1""",1,1,1,1,1,1,1,1.000,1.000,1.000,1,1,0,0,0,0,1,0,0,0,0,0,0,0,0,1,0,0,0
179,"""2008""","""All""",2,2,2,2,1,11,46,1.000,1.000,0.500,6,23,0,1,0,0,0,0,0,1,0,0,0,1,0,0,0,0,0
180,"""2008""","""V4""",2,2,2,2,1,11,46,1.000,1.000,0.500,6,23,0,1,0,0,0,0,0,1,0,0,0,1,0,0,0,0,0
