Player Name,Age,Primary Role,Current Team,Salary,Contract Year,Contract Expires,NTC,Teams,Innings,W,L,SV,G,GS,CG,SHO,H,R,ER,BB,K,HR,GDP,ERA,FIP,K/9,BB/9,K/BB,HR/9,ERA-,FIP-,ERA WAR,FIP WAR,Combo WAR
Chris Sale,30,SP,MIA,45.500,V,2023,Y,Mia,243.0,18,8,0,35,35,2,1,153,63,56,42,307,13,2,2.07,1.91,11.37,1.56,7.31,0.48,53.2,49.0,8.6,9.3,8.9
Corey Kluber,33,SP,TAM,16.178,CE,2020,,Tam,249.1,22,7,0,34,34,7,3,168,55,46,43,245,20,21,1.66,2.82,8.84,1.55,5.70,0.72,43.5,73.8,10.5,5.8,8.1
Max Scherzer,34,SP,ATL,28.000,V,2019,,Atl,219.2,17,6,1,32,30,4,4,152,58,54,55,307,27,7,2.21,2.78,12.58,2.25,5.58,1.11,57.1,71.7,7.2,5.3,6.3
Aaron Nola,26,SP,SD,3.725,4th,0,,SD,204.2,17,6,0,32,31,1,1,153,61,60,34,193,9,12,2.64,2.41,8.49,1.50,5.68,0.40,69.4,63.2,5.2,6.0,5.6
Jacob deGrom,31,SP,SD,3.639,5th,0,,SD,223.0,16,8,0,32,32,2,1,175,69,65,39,262,25,9,2.62,2.85,10.57,1.57,6.72,1.01,68.9,75.0,5.8,5.0,5.4
Trevor Bauer,28,SP,CLE,14.247,CE,2019,,Cle,246.0,17,7,0,34,34,1,0,202,92,83,72,299,22,19,3.04,2.83,10.94,2.63,4.15,0.81,79.1,73.7,5.0,5.7,5.3
Nathan Eovaldi,29,SP,CIN,8.000,V,2021,,Cin,213.0,13,11,0,34,33,1,0,170,69,60,45,194,16,11,2.54,3.01,8.20,1.90,4.31,0.68,65.2,77.3,5.9,4.5,5.2
Charlie Morton,35,SP,KC,16.000,V,2019,,KC,210.2,15,7,0,35,35,0,0,169,68,60,69,220,15,28,2.56,3.04,9.40,2.95,3.19,0.64,65.7,78.1,5.8,4.4,5.1
Clayton Kershaw,31,SP,PIT,38.500,V,2022,,Pit,214.1,15,9,0,33,33,1,0,173,78,66,35,249,23,6,2.77,2.78,10.46,1.47,7.11,0.97,72.1,72.4,5.1,5.1,5.1
Luis Severino,25,SP,SD,1.365,3rd,0,,SD,183.0,14,7,0,29,29,1,1,129,57,52,43,202,10,10,2.56,2.43,9.93,2.12,4.70,0.49,67.3,63.9,4.9,5.3,5.1
Gerrit Cole,28,SP,DET,15.021,CE,2021,Y,Det,208.0,14,8,0,34,33,0,0,153,79,68,60,250,20,14,2.94,2.93,10.82,2.60,4.17,0.87,75.2,75.1,4.6,4.6,4.6
Zack Wheeler,29,SP,ATL,3.889,6th,0,,Atl,211.1,14,10,0,33,32,2,1,220,78,73,45,213,15,16,3.11,2.77,9.07,1.92,4.73,0.64,80.4,71.5,4.1,5.1,4.6
David Price,33,SP,OAK,37.000,V,2020,,Oak,215.2,17,5,0,33,33,2,1,163,70,69,45,197,20,11,2.88,3.23,8.22,1.88,4.38,0.84,74.2,83.1,4.9,3.9,4.4
Justin Verlander,36,SP,CHA,35.000,V,2019,,ChA,200.1,16,5,0,31,31,1,0,171,73,66,46,260,27,10,2.97,3.07,11.68,2.07,5.65,1.21,75.5,78.0,4.4,4.2,4.3
Eduardo Rodriguez,26,SP,MIA,2.205,3rd,0,,Mia,196.1,12,9,0,34,34,1,1,154,69,66,58,227,17,6,3.03,2.92,10.41,2.66,3.91,0.78,77.8,75.0,4.1,4.4,4.2
Michael Clevinger,28,SP,LAN,0.650,2nd,0,,LAN,198.0,15,9,0,33,32,0,0,149,70,68,63,216,12,12,3.09,2.78,9.82,2.86,3.43,0.55,80.7,72.6,3.8,4.7,4.2
James Paxton,30,SP,ARI,3.437,4th,0,,Ari,206.2,13,7,0,36,36,0,0,172,75,67,50,222,24,16,2.92,3.31,9.67,2.18,4.44,1.05,74.2,84.1,4.7,3.6,4.1
J.A. Happ,36,SP,PIT,6.036,5th,0,,Pit,207.0,11,7,0,33,33,0,0,149,79,67,62,218,20,13,2.91,3.27,9.48,2.70,3.52,0.87,75.7,85.1,4.5,3.5,4.0
Carlos Carrasco,32,SP,COL,16.935,CE,2021,Y,Col,211.0,13,10,0,32,32,2,1,179,92,89,45,247,25,9,3.80,3.06,10.54,1.92,5.49,1.07,92.6,74.6,2.7,4.8,3.8
Clay Buchholz,34,SP,SF,7.110,V,2019,,SF,207.2,9,10,0,33,33,0,0,165,73,63,48,157,20,16,2.73,3.65,6.80,2.08,3.27,0.87,72.0,96.4,5.0,2.3,3.7
Jose Quintana,30,SP,SD,17.118,CE,2019,,SD,184.0,15,11,0,31,30,0,0,159,65,58,62,178,13,8,2.84,3.22,8.71,3.03,2.87,0.64,74.7,84.5,4.1,3.2,3.7
Danny Salazar,29,SP,PIT,6.494,5th,0,,Pit,173.1,15,6,0,31,31,0,0,131,66,51,60,191,17,18,2.65,3.33,9.92,3.12,3.18,0.88,69.0,86.7,4.4,2.8,3.6
Liam Hendriks,30,SP,CHA,4.107,5th,0,,ChA,177.2,13,3,0,32,32,0,0,146,71,65,46,205,17,12,3.29,2.93,10.39,2.33,4.46,0.86,83.6,74.6,3.1,4.0,3.6
Blake Snell,26,SP,ATL,1.388,3rd,0,,Atl,174.2,11,4,0,33,32,0,0,144,65,60,76,218,14,17,3.09,3.07,11.23,3.92,2.87,0.72,79.9,79.4,3.4,3.5,3.5
Brad Peacock,31,SP,MIA,0.936,3rd,0,,Mia,173.1,12,9,0,32,31,0,0,150,74,60,60,209,16,11,3.12,3.05,10.85,3.12,3.48,0.83,80.1,78.3,3.4,3.6,3.5
Carlos Martinez,27,SP,LAN,13.083,CE,2020,,LAN,200.2,14,9,0,33,33,1,1,162,70,67,69,193,17,22,3.00,3.43,8.66,3.10,2.80,0.76,78.3,89.6,4.1,2.9,3.5
Dallas Keuchel,31,SP,COL,12.283,V,2019,,Col,201.2,18,9,0,31,31,1,0,199,85,78,61,182,17,22,3.48,3.42,8.12,2.72,2.98,0.76,84.8,83.4,3.4,3.6,3.5
Masahiro Tanaka,30,SP,LAA,29.000,V,2020,,LAA,203.2,12,8,0,32,32,2,1,177,81,73,30,182,21,11,3.23,3.22,8.04,1.33,6.07,0.93,84.6,84.3,3.5,3.5,3.5
Miles Mikolas,30,SP,SF,5.130,V,2020,,SF,194.0,11,10,0,29,29,3,2,163,71,65,35,133,13,16,3.02,3.26,6.17,1.62,3.80,0.60,79.7,86.1,3.8,3.2,3.5
Cole Hamels,35,SP,PHI,25.000,V,2020,Y,Phi,214.0,14,10,0,34,34,1,1,160,85,71,81,221,25,12,2.99,3.81,9.29,3.41,2.73,1.05,77.0,98.2,4.5,2.2,3.4
Jose Berrios,25,SP,CHA,0.650,2nd,0,,ChA,188.2,10,8,0,30,30,1,1,144,66,62,48,181,22,14,2.96,3.58,8.63,2.29,3.77,1.05,75.3,91.1,4.2,2.6,3.4
Jhoulys Chacin,31,SP,COL,8.976,V,2021,Y,Col,187.2,18,7,0,32,32,1,1,142,77,67,68,156,15,16,3.21,3.69,7.48,3.26,2.29,0.72,78.3,89.8,3.9,2.7,3.3
Blaine Hardy,32,SP,TAM,4.800,V,2019,,KC/Tam,192.0,14,7,0,32,32,0,0,157,65,64,47,150,19,25,3.00,3.68,7.03,2.20,3.21,0.89,77.4,95.0,4.1,2.3,3.2
Zack Greinke,35,SP,SF,34.500,V,2022,Y,SF,227.1,12,7,0,33,33,2,0,192,81,77,38,202,33,14,3.05,3.83,8.00,1.50,5.32,1.31,80.4,101.1,4.4,2.0,3.2
Anthony Banda,25,SP,LAN,0.500,XXX,0,,LAN,187.2,8,12,0,33,32,0,0,146,68,57,57,165,22,11,2.73,3.90,7.91,2.73,2.90,1.06,71.3,101.8,4.6,1.6,3.1
Noah Syndergaard,26,SP,CLE,4.737,5th,0,,Cle,192.1,13,5,0,34,34,0,0,171,81,78,58,191,13,12,3.65,3.02,8.94,2.71,3.29,0.61,95.0,78.6,2.3,3.9,3.1
Jon Gray,27,SP,TAM,1.050,2nd,0,,Tam,177.1,14,6,0,31,31,0,0,134,61,56,66,164,16,12,2.84,3.66,8.32,3.35,2.49,0.81,74.4,95.9,4.0,2.0,3.0
Madison Bumgarner,29,SP,HOU,31.681,V,2023,,Hou,224.1,11,13,0,37,37,2,1,195,97,85,60,212,26,15,3.41,3.64,8.51,2.41,3.53,1.04,89.3,95.4,3.3,2.6,3.0
Andrew Triggs,30,SP,TEX,3.980,V,2019,,Tex,143.0,12,4,0,25,25,0,0,135,52,51,31,134,11,5,3.21,3.00,8.43,1.95,4.32,0.69,81.1,75.7,2.7,3.1,2.9
Jake Arrieta,33,SP,OAK,5.353,5th,0,,Oak,182.1,7,11,0,32,32,1,0,163,82,65,62,160,16,9,3.21,3.63,7.90,3.06,2.58,0.79,82.7,93.4,3.3,2.3,2.8
Patrick Corbin,29,SP,BOS,10.121,CE,2019,,Bos,192.1,11,9,0,30,30,0,0,159,81,76,47,226,28,9,3.56,3.50,10.58,2.20,4.81,1.31,90.5,88.9,2.7,2.9,2.8
Tyler Glasnow,25,SP,OAK,0.650,2nd,0,,Oak,183.1,13,11,0,32,32,0,0,140,73,69,77,209,18,13,3.39,3.48,10.26,3.78,2.71,0.88,87.3,89.6,2.9,2.7,2.8
Brent Suter,29,SP,PIT,2.260,V,2020,Y,Pit,169.1,11,5,5,42,22,0,0,148,64,57,30,136,20,10,3.03,3.68,7.23,1.59,4.53,1.06,78.8,95.8,3.4,1.9,2.7
Kevin Gausman,28,SP,OAK,5.103,5th,0,,Oak,197.2,10,11,0,31,31,3,1,165,77,73,55,187,25,13,3.32,3.81,8.51,2.50,3.40,1.14,85.5,98.1,3.3,2.0,2.7
Wade Miley,32,SP,STL,5.000,V,2020,Y,StL,186.0,11,11,0,32,32,0,0,151,71,66,69,157,16,18,3.19,3.76,7.60,3.34,2.28,0.77,82.7,97.6,3.4,2.0,2.7
Pablo Lopez,23,SP,MIA,0.500,XXX,0,,Mia,166.0,8,6,0,29,29,0,0,181,81,68,36,133,11,11,3.69,3.13,7.21,1.95,3.69,0.60,94.7,80.4,2.0,3.2,2.6
Robbie Ray,27,SP,TEX,1.888,4th,0,,Tex,176.0,12,7,0,34,34,0,0,127,76,74,70,238,21,4,3.78,3.26,12.17,3.58,3.40,1.07,95.5,82.4,2.0,3.2,2.6
Stephen Strasburg,30,SP,BAL,44.000,V,2022,,Bal,213.2,15,10,0,37,35,0,0,210,97,87,78,244,27,11,3.66,3.68,10.28,3.29,3.13,1.14,93.7,94.1,2.7,2.6,2.6
Kenta Maeda,31,SP,TEX,20.000,V,2020,,Tex,182.2,13,8,0,34,34,0,0,156,88,82,47,210,21,10,4.04,3.19,10.35,2.32,4.47,1.04,102.0,80.5,1.5,3.5,2.5
Rich Hill,39,SP,MIN,18.000,V,2020,Y,Min,186.2,8,11,0,30,30,0,0,131,82,69,73,213,25,10,3.33,3.85,10.27,3.52,2.92,1.21,85.5,98.9,3.1,1.8,2.5
Adalberto Mejia,26,SP,DET,0.500,XXX,0,,Det,131.2,9,7,0,27,23,0,0,118,53,45,48,107,7,10,3.08,3.38,7.31,3.28,2.23,0.48,78.8,86.5,2.7,2.1,2.4
Chris Archer,30,SP,ARI,10.585,CE,2020,,Ari,195.0,9,13,0,36,35,0,0,198,87,79,51,198,26,15,3.65,3.71,9.14,2.35,3.88,1.20,92.8,94.3,2.5,2.4,2.4
Edwin Diaz,25,RP,OAK,0.845,3rd,0,,Oak,83.2,9,4,16,60,0,0,0,48,19,16,30,126,6,4,1.72,2.22,13.55,3.23,4.20,0.65,44.3,57.1,2.6,2.0,2.3
Ben Lively,27,SP,STL,0.500,XXX,0,,StL,193.0,9,10,0,32,32,0,0,206,89,77,48,143,20,13,3.59,3.83,6.67,2.24,2.98,0.93,93.1,99.4,2.5,1.9,2.2
Domingo German,26,SP,NYM,5.000,V,2021,,NYN,166.2,7,14,0,45,23,0,0,167,77,68,50,160,15,11,3.67,3.37,8.64,2.70,3.20,0.81,96.1,88.3,1.9,2.5,2.2
Jake Odorizzi,29,SP,LAN,2.073,4th,0,,LAN,167.2,9,8,0,29,29,0,0,119,63,58,59,145,19,13,3.11,4.02,7.78,3.17,2.46,1.02,81.2,105.0,3.2,1.2,2.2
Alex Cobb,31,SP,LAN,15.000,V,2021,,LAN,181.1,11,11,0,28,28,1,0,160,72,68,32,101,19,11,3.38,4.00,5.01,1.59,3.16,0.94,88.2,104.4,2.8,1.3,2.0
Anthony Swarzak,33,RP,COL,4.500,V,2019,,Sea/Col,94.3,9,3,3,77,0,0,0,77,24,23,18,95,8,8,2.18,2.88,9.00,1.70,5.82,0.76,54.7,72.9,2.4,1.5,2.0
Dereck Rodriguez,27,SP,MIL,7.501,V,2022,Y,Mil,167.0,5,10,1,32,29,0,0,132,71,67,32,147,23,11,3.61,3.83,7.92,1.73,4.59,1.24,92.1,97.6,2.2,1.8,2.0
Joe Jimenez,24,RP,SEA,0.750,2nd,0,,Sea,94.2,1,5,3,73,0,0,0,64,28,23,23,108,7,3,2.19,2.63,10.27,2.19,4.70,0.67,57.0,68.4,2.3,1.8,2.0
Marcus Stroman,28,SP,CHA,11.056,CE,2020,,ChA,148.0,13,8,0,25,25,1,0,152,66,61,39,109,11,20,3.71,3.51,6.63,2.37,2.80,0.67,94.3,89.1,1.8,2.2,2.0
Stephen Tarpley,26,RP,MIA,1.000,V,2019,Y,Mil/Mia,139.1,10,6,3,95,0,0,0,93,50,49,61,133,2,15,3.17,2.81,8.59,3.94,2.17,0.13,81.1,71.9,1.7,2.4,2.0
Tyler Skaggs,27,SP,WAS,0.750,2nd,0,,Was,186.1,11,10,0,35,33,0,0,208,103,88,49,179,18,16,4.25,3.34,8.65,2.37,3.65,0.87,109.5,86.2,0.9,3.0,2.0
Vince Velasquez,27,SP,MIN,2.049,4th,0,,Min,192.1,15,10,0,32,32,0,0,162,82,74,70,211,30,13,3.46,4.15,9.87,3.28,3.01,1.40,88.8,106.5,2.9,1.2,2.0
Brett Anderson,31,SP,MIL,1.505,V,2020,Y,Mil,176.1,9,14,0,32,32,0,0,180,83,76,48,129,16,18,3.88,3.75,6.58,2.45,2.69,0.82,99.0,95.8,1.7,2.0,1.9
Danny Duffy,30,SP,BOS,5.093,5th,0,,Bos,178.2,6,11,0,32,32,0,0,164,85,80,72,150,12,24,4.03,3.62,7.56,3.63,2.08,0.60,102.5,92.1,1.5,2.4,1.9
Jose Leclerc,25,RP,WAS,8.750,V,2021,Y,Was,94.0,8,1,7,66,0,0,0,50,24,22,42,119,7,5,2.11,3.00,11.39,4.02,2.83,0.67,54.4,77.2,2.4,1.3,1.9
Shane Bieber,24,SP,TEX,0.500,XXX,0,,Tex,217.2,14,11,0,34,34,1,0,227,109,103,40,177,27,14,4.26,3.76,7.32,1.65,4.43,1.12,107.6,94.9,1.2,2.6,1.9
Walker Buehler,24,SP,DET,0.500,XXX,0,,Det,186.1,6,10,0,35,32,0,0,158,79,75,59,208,30,12,3.62,4.03,10.05,2.85,3.53,1.45,92.6,103.2,2.4,1.5,1.9
Caleb Ferguson,22,SP,SEA,0.500,XXX,0,,Sea,179.0,8,8,0,33,33,0,0,161,92,77,82,205,19,17,3.87,3.69,10.31,4.12,2.50,0.96,100.7,95.9,1.6,2.0,1.8
Craig Kimbrel,31,RP,ATL,15.000,V,2022,Y,Atl,78.0,7,1,23,84,0,0,0,41,21,21,37,119,4,2,2.42,2.26,13.73,4.27,3.22,0.46,62.6,58.4,1.7,1.8,1.8
Dan Otero,34,RP,COL,3.750,V,2019,,Col,96.2,5,1,4,71,0,0,0,81,24,23,7,50,8,26,2.14,3.48,4.66,0.65,7.14,0.75,52.2,84.8,2.6,1.0,1.8
Freddy Peralta,23,SP,SEA,0.500,XXX,0,,Sea,181.1,13,11,0,32,32,0,0,150,77,75,79,246,29,6,3.72,3.89,12.21,3.92,3.11,1.44,96.8,101.3,2.0,1.6,1.8
Jeremy Jeffress,31,RP,OAK,3.250,V,2019,,Oak,95.1,7,5,6,74,0,0,0,65,26,24,32,93,5,10,2.27,2.96,8.78,3.02,2.91,0.47,58.5,76.2,2.3,1.4,1.8
Johnny Cueto,33,SP,NYA,32.000,V,2020,,NYA,186.1,8,12,0,32,31,0,0,175,79,78,44,149,24,15,3.77,4.00,7.20,2.13,3.39,1.16,96.2,102.2,2.1,1.5,1.8
Kirby Yates,32,RP,TOR,1.799,V,2020,,Tor,76.2,7,0,9,64,0,0,0,54,21,19,25,113,6,1,2.23,2.27,13.27,2.94,4.52,0.70,58.0,59.1,1.8,1.8,1.8
Zach Davies,26,SP,STL,0.845,3rd,0,,StL,181.2,10,6,0,33,32,0,0,190,94,78,61,133,14,22,3.86,3.77,6.59,3.02,2.18,0.69,100.1,97.7,1.7,1.9,1.8
Blake Treinen,31,RP,TEX,2.182,4th,0,,Tex,100.0,4,6,10,65,0,0,0,86,30,29,21,114,12,15,2.61,3.13,10.26,1.89,5.43,1.08,65.9,79.1,2.0,1.3,1.7
Diego Castillo,25,SP,CHA,0.500,XXX,0,Y,ChA,86.0,9,1,1,36,10,0,0,62,27,25,21,107,8,4,2.62,2.67,11.20,2.20,5.10,0.84,66.6,68.0,1.7,1.6,1.7
Luis Garcia,32,SP,KC,0.500,XXX,0,,Cle/Cle,168.2,8,8,10,140,2,0,0,160,70,58,66,156,12,28,3.09,3.47,8.32,3.52,2.36,0.64,80.4,90.3,2.1,1.3,1.7
Mike Minor,31,SP,STL,9.000,V,2019,,StL,190.1,8,15,0,33,33,0,0,160,84,81,57,173,24,14,3.83,3.94,8.18,2.70,3.04,1.14,99.3,102.2,1.8,1.6,1.7
Yu Darvish,32,SP,TAM,21.050,V,2019,,Tam,170.1,10,11,0,33,33,0,0,128,82,71,69,188,20,12,3.75,3.76,9.93,3.65,2.73,1.06,98.2,98.4,1.7,1.7,1.7
Brad Keller,23,SP,NYA,0.500,XXX,0,,NYA,170.1,9,11,0,29,29,1,0,166,76,66,58,101,17,22,3.49,4.35,5.34,3.07,1.74,0.90,89.0,111.1,2.5,0.7,1.6
Jameson Taillon,27,SP,COL,0.975,3rd,0,,Col,180.2,11,4,0,32,32,0,0,189,93,84,32,165,30,16,4.18,4.08,8.22,1.59,5.16,1.49,101.9,99.6,1.5,1.7,1.6
Jesus Luzardo,21,SP,MIL,0.500,XXX,0,,Mil,105.1,6,1,0,23,23,0,0,80,41,38,39,95,9,6,3.25,3.64,8.12,3.33,2.44,0.77,82.9,92.8,1.9,1.4,1.6
Joey Lucchesi,26,SP,TEX,0.500,XXX,0,,Tex,174.1,12,8,0,31,31,0,0,165,85,78,55,164,22,11,4.03,3.93,8.47,2.84,2.98,1.14,101.8,99.2,1.5,1.7,1.6
Mike Montgomery,29,SP,PIT,0.845,3rd,0,,Tor/Pit,188.3,10,13,1,35,31,0,0,179,93,82,74,151,17,18,3.90,3.97,7.19,3.52,2.04,0.81,101.5,103.2,1.6,1.5,1.6
Ryan Pressly,30,RP,CHA,1.501,V,2019,,ChA,63.1,4,4,22,54,0,0,0,48,17,16,12,64,2,3,2.27,2.18,9.10,1.71,5.33,0.28,57.7,55.4,1.5,1.6,1.6
Scott Oberg,29,RP,MIN,2.501,V,2019,,Min,85.0,7,2,25,71,0,0,0,77,25,22,23,66,3,19,2.33,2.94,6.99,2.44,2.87,0.32,59.8,75.5,2.0,1.3,1.6
Sean Newcomb,26,SP,MIN,0.500,XXX,0,,Min,195.0,8,12,0,33,33,0,0,157,93,83,96,191,21,27,3.83,4.14,8.82,4.43,1.99,0.97,98.3,106.3,2.0,1.2,1.6
Aaron Sanchez,26,SP,NYA,2.405,5th,0,,NYA,197.0,9,13,0,33,33,0,0,175,94,83,69,155,25,18,3.79,4.35,7.08,3.15,2.25,1.14,96.7,110.9,2.2,0.8,1.5
Colin Poche,25,RP,ARI,0.500,XXX,0,,Ari,63.1,4,1,9,57,0,0,0,34,15,14,29,91,4,3,1.99,2.54,12.93,4.12,3.14,0.57,50.6,64.6,1.8,1.3,1.5
Jerad Eickhoff,28,SP,CIN,3.200,V,2019,,Cin,185.2,9,12,0,33,32,0,0,181,92,85,51,192,27,7,4.12,3.87,9.31,2.47,3.77,1.31,105.8,99.3,1.2,1.8,1.5
Mark Melancon,34,RP,SD,7.007,V,2019,,SD,72.1,3,3,39,68,0,0,0,56,14,14,12,54,5,9,1.74,3.12,6.72,1.49,4.50,0.62,45.7,82.1,2.2,0.8,1.5
Matt Strahm,27,SP,CHA,0.650,2nd,0,,ChA,181.2,15,10,0,32,32,0,0,165,86,74,75,200,30,17,3.67,4.40,9.91,3.72,2.67,1.49,93.3,112.0,2.3,0.7,1.5
Michael Fulmer,26,SP,BAL,0.650,2nd,0,,Bal,205.0,14,9,0,33,33,1,1,197,103,89,44,163,31,25,3.91,4.24,7.16,1.93,3.71,1.36,100.1,108.5,1.9,1.1,1.5
Tyler Anderson,29,SP,BAL,0.650,2nd,0,,Bal,181.0,14,10,0,32,28,1,0,151,83,72,70,145,23,20,3.58,4.43,7.21,3.48,2.07,1.14,91.6,113.4,2.5,0.5,1.5
Carlos Rodon,26,SP,TAM,3.795,4th,0,,Tam,129.0,7,6,0,39,22,0,0,113,56,51,52,121,13,8,3.56,3.86,8.44,3.63,2.33,0.91,93.3,101.3,1.6,1.1,1.4
Carson Smith,29,RP,MIA,2.259,4th,0,,Mia,72.1,4,2,3,67,0,0,0,65,23,21,22,76,3,7,2.61,2.57,9.46,2.74,3.46,0.37,67.0,66.0,1.4,1.4,1.4
Darren O'Day,36,RP,PHI,7.000,V,2020,Y,Phi,84.1,4,2,5,72,0,0,0,49,21,20,31,110,11,10,2.13,3.41,11.74,3.31,3.55,1.17,54.9,87.9,2.2,0.7,1.4
David Paulino,25,SP,COL,0.500,XXX,0,,Col,111.1,8,6,0,22,22,0,0,103,56,52,23,105,13,8,4.20,3.47,8.49,1.86,4.57,1.05,102.4,84.7,0.9,1.9,1.4
Heath Hembree,30,RP,MIL,1.001,V,2019,Y,Mil,89.2,6,5,4,78,0,0,0,84,35,29,25,100,8,3,2.91,2.99,10.04,2.51,4.00,0.80,74.2,76.2,1.4,1.3,1.4
Jimmy Nelson,30,SP,BOS,1.531,4th,0,,Bos,180.2,11,12,0,32,32,0,0,176,87,75,69,134,21,21,3.74,4.39,6.68,3.44,1.94,1.05,95.1,111.7,2.1,0.7,1.4
Jon Lester,35,SP,NYA,32.000,V,2019,,NYA,198.1,11,11,0,33,33,0,0,174,87,80,69,166,31,14,3.63,4.62,7.53,3.13,2.41,1.41,92.6,117.9,2.6,0.2,1.4
Martin Perez,28,SP,LAA,1.575,3rd,0,,LAA,198.1,6,10,0,32,32,0,0,188,85,83,60,127,21,32,3.77,4.22,5.76,2.72,2.12,0.95,98.8,110.7,2.0,0.8,1.4
Matt Shoemaker,32,SP,PHI,4.000,V,2020,,Phi,170.2,10,12,0,33,33,0,0,191,84,77,46,164,23,11,4.06,3.86,8.65,2.43,3.57,1.21,104.6,99.4,1.2,1.6,1.4
Mike Foltynewicz,27,SP,SEA,0.500,XXX,0,,Sea,196.1,10,14,0,33,33,0,0,171,98,88,78,189,23,21,4.03,4.01,8.66,3.58,2.42,1.05,104.9,104.4,1.4,1.4,1.4
Richard Bleier,32,RP,LAA,1.500,V,2019,,LAA,84.1,12,4,0,50,0,0,0,78,26,24,10,35,2,15,2.56,3.06,3.74,1.07,3.50,0.21,67.1,80.0,1.6,1.1,1.4
Adam Wainwright,37,SP,CLE,27.000,V,2019,,Cle/NYN,145.2,9,8,0,25,25,0,0,143,66,64,52,141,16,18,3.96,3.79,8.71,3.22,3.06,0.99,103.2,98.7,1.2,1.5,1.3
Addison Reed,30,RP,PIT,5.891,CE,2019,,NYN/Pit,95.2,7,4,3,71,0,0,0,85,30,29,23,79,8,5,2.73,3.38,7.43,2.17,3.64,0.75,71.2,88.2,1.7,0.8,1.3
Andrew Chafin,29,RP,PIT,2.036,4th,0,,Pit,64.2,2,4,3,60,0,0,0,44,24,17,25,68,2,9,2.37,2.68,9.46,3.48,2.72,0.28,61.7,69.7,1.4,1.2,1.3
Carlos Estevez,26,RP,STL,3.210,V,2019,,StL/Mil,58.3,3,1,1,50,0,0,0,44,14,13,19,62,4,4,1.98,2.97,9.46,2.90,3.27,0.61,50.8,76.5,1.7,0.9,1.3
CC Sabathia,38,SP,WAS,6.000,V,2020,Y,Was,162.2,8,10,0,30,29,0,0,153,86,71,61,151,20,13,3.93,4.09,8.36,3.38,2.48,1.11,101.2,105.3,1.4,1.1,1.3
Chris Devenski,28,RP,OAK,5.250,V,2019,,Oak,78.1,3,1,8,50,0,0,0,60,28,25,9,77,7,7,2.87,2.76,8.85,1.03,8.56,0.80,73.9,71.1,1.2,1.4,1.3
Jack Flaherty,23,SP,ATL,0.500,XXX,0,,Atl,155.0,9,3,0,30,29,0,0,147,82,69,58,181,22,13,4.01,3.85,10.51,3.37,3.12,1.28,103.6,99.6,1.2,1.5,1.3
Wade LeBlanc,34,SP,MIA,1.502,V,2019,,Mia,89.2,8,2,0,14,14,0,0,79,31,30,22,72,11,11,3.01,3.95,7.23,2.21,3.27,1.10,77.3,101.3,1.9,0.8,1.3
Zach Duke,36,RP,SD,1.902,V,2019,,SD,54.0,5,1,3,51,0,0,0,36,15,11,24,63,1,6,1.83,2.46,10.50,4.00,2.63,0.17,48.1,64.7,1.6,1.1,1.3
Bud Norris,34,RP,ATL,1.500,V,2019,,Atl,84.0,4,4,4,90,0,0,0,68,30,27,30,99,7,8,2.89,3.02,10.61,3.21,3.30,0.75,74.7,78.0,1.3,1.2,1.2
David Hernandez,34,RP,STL,4.000,V,2019,,StL,74.2,3,5,26,68,0,0,0,67,29,21,21,76,6,6,2.53,3.07,9.16,2.53,3.62,0.72,65.6,79.7,1.5,1.0,1.2
James Pazos,28,RP,MIA,1.876,V,2020,,Mil/Mia,74.2,7,2,17,67,0,0,0,49,19,19,24,82,9,12,2.30,3.56,9.89,2.89,3.49,1.09,58.7,90.9,1.8,0.5,1.2
Joe Kelly,31,RP,COL,4.914,CE,2019,,Col,54.0,5,4,2,48,0,0,0,36,15,13,23,54,2,11,2.17,2.98,9.00,3.83,2.35,0.33,52.9,72.7,1.4,0.9,1.2
Shohei Ohtani,24,SP,CIN,48.200,V,2025,Y,Cin,148.1,6,9,0,29,29,0,0,117,82,73,62,182,18,20,4.43,3.60,11.04,3.76,2.94,1.09,113.7,92.4,0.4,1.9,1.2
Zack Littell,23,SP,TOR,0.500,XXX,0,,Tor,140.0,9,8,0,23,22,0,0,139,66,60,41,97,13,17,3.86,3.92,6.24,2.64,2.37,0.84,100.4,102.0,1.3,1.2,1.2
Anibal Sanchez,35,SP,STL,8.000,V,2020,Y,StL,150.1,7,13,0,36,26,0,0,146,86,72,39,145,19,7,4.31,3.71,8.68,2.34,3.72,1.14,111.8,96.3,0.5,1.7,1.1
Brad Hand,29,RP,MIA,1.203,3rd,0,,Mia,64.1,4,5,9,58,0,0,0,51,25,22,25,83,3,2,3.08,2.41,11.61,3.50,3.32,0.42,79.1,62.0,0.8,1.4,1.1
Drew Pomeranz,30,SP,KC,2.250,V,2020,Y,KC,170.2,7,7,0,33,32,0,0,130,71,65,94,166,25,14,3.43,4.83,8.75,4.96,1.77,1.32,88.1,124.1,2.6,-0.3,1.1
Hyun-jin Ryu,32,SP,LAA,16.500,V,2020,,LAA,173.1,7,12,0,33,33,0,0,170,96,87,49,160,18,11,4.52,3.57,8.31,2.54,3.27,0.94,118.4,93.6,0.1,2.2,1.1
Josh James,26,SP,CIN,0.500,XXX,0,,Cin,159.2,8,12,0,32,32,0,0,154,89,80,60,188,21,9,4.51,3.70,10.60,3.38,3.13,1.18,115.8,95.1,0.3,1.9,1.1
Juan Nicasio,32,RP,TEX,7.500,V,2019,,Tex/NYN,84.4,2,2,4,55,0,0,0,75,34,29,26,100,9,4,3.06,3.16,10.55,2.74,4.14,0.95,78.7,81.0,1.1,1.0,1.1
Keone Kela,26,RP,PIT,3.855,4th,0,,Pit,71.2,1,5,8,61,0,0,0,49,28,26,28,92,4,6,3.27,2.55,11.55,3.52,3.29,0.50,85.1,66.4,0.7,1.4,1.1
Ryan Buchter,32,RP,BAL,1.000,V,2019,,Bal,56.2,7,4,8,55,0,0,0,43,17,14,20,53,3,2,2.22,3.10,8.42,3.18,2.65,0.48,56.8,79.3,1.4,0.7,1.1
Taylor Rogers,28,RP,MIA,1.950,V,2019,,Mia,71.1,3,2,13,68,0,0,0,60,22,22,21,67,4,10,2.78,2.96,8.45,2.65,3.19,0.51,71.4,75.9,1.2,1.1,1.1
Andrew Kittredge,29,RP,LAN,2.650,V,2020,,LAN,78.1,3,0,3,58,0,0,0,53,28,25,16,63,6,5,2.87,3.22,7.24,1.84,3.94,0.69,74.9,84.1,1.2,0.8,1.0
Felipe Vazquez,27,RP,TEX,1.125,3rd,0,,Tex,81.0,3,5,15,55,0,0,0,70,34,34,34,113,6,6,3.78,2.65,12.56,3.78,3.32,0.67,95.5,67.0,0.4,1.6,1.0
Jace Fry,25,RP,HOU,2.700,V,2025,Y,Hou,80.2,4,6,15,86,0,0,0,63,32,32,35,99,3,6,3.57,2.55,11.05,3.91,2.83,0.34,93.5,66.9,0.5,1.6,1.0
Jeurys Familia,29,RP,BOS,4.086,5th,0,,Bos,63.2,6,4,22,52,0,0,0,62,22,21,23,77,5,2,2.97,2.91,10.89,3.25,3.35,0.71,75.5,73.9,1.0,1.0,1.0
Kyle Freeland,26,SP,BAL,0.650,2nd,0,,Bal,200.2,12,10,1,36,29,2,0,201,103,97,74,160,22,25,4.35,4.16,7.18,3.32,2.16,0.99,111.3,106.4,0.8,1.3,1.0
Luiz Gohara,22,SP,LAN,0.925,2nd,0,,LAN,99.0,5,3,2,50,8,0,0,70,31,29,38,81,9,12,2.64,3.92,7.36,3.46,2.13,0.82,68.9,102.3,1.8,0.2,1.0
Luke Gregerson,35,SP,KC,1.500,V,2020,Y,KC,84.0,3,8,6,59,1,0,0,63,35,25,29,89,10,7,2.68,3.69,9.54,3.11,3.07,1.07,68.8,94.6,1.5,0.4,1.0
Matt Harvey,30,SP,ATL,3.000,V,2020,,Atl,181.2,12,9,0,35,32,0,0,198,91,87,46,150,24,8,4.31,4.05,7.43,2.28,3.26,1.19,111.4,104.6,0.7,1.3,1.0
Mike Leake,31,SP,TOR,5.850,V,2019,,Tor,214.1,13,12,0,33,33,4,2,245,118,101,34,141,30,24,4.24,4.20,5.92,1.43,4.15,1.26,110.3,109.3,0.9,1.0,1.0
Rick Porcello,30,SP,ARI,7.650,V,2021,Y,Ari,186.2,10,11,0,32,32,0,0,182,94,85,42,151,31,17,4.10,4.44,7.28,2.03,3.60,1.50,104.2,112.8,1.4,0.6,1.0
Tony Barnette,35,RP,TAM,3.300,V,2019,,LAA/Tam,70.1,6,0,4,51,0,0,0,71,25,23,15,73,6,5,2.94,2.90,9.34,1.92,4.90,0.77,77.1,75.9,1.0,1.1,1.0
Yonny Chirinos,25,SP,PIT,0.650,2nd,0,,Pit,156.0,9,7,3,38,22,2,0,150,80,69,43,121,20,11,3.98,4.16,6.98,2.48,2.81,1.15,103.6,108.3,1.2,0.8,1.0
Adam Liberatore,32,RP,SD,3.602,V,2019,,SD,54.0,2,4,2,47,0,0,0,39,15,13,14,51,5,4,2.17,3.31,8.50,2.33,3.64,0.83,57.0,87.1,1.3,0.5,0.9
Aroldis Chapman,31,RP,TAM,11.000,V,2021,Y,Tam,66.1,3,5,16,61,0,0,0,51,29,28,37,112,3,4,3.80,2.11,15.20,5.02,3.03,0.41,99.6,55.2,0.2,1.7,0.9
Austin L. Adams,28,SP,TAM,1.333,V,2019,Y,Tam,52.1,1,5,3,42,1,0,0,38,14,14,33,68,2,6,2.41,3.01,11.69,5.68,2.06,0.34,63.1,78.9,1.1,0.7,0.9
Brad Brach,33,RP,PHI,4.000,V,2019,,Phi,84.1,3,6,8,71,0,0,0,83,37,32,25,85,7,5,3.42,3.17,9.07,2.67,3.40,0.75,88.1,81.8,0.7,1.0,0.9
Chad Green,28,RP,ARI,0.750,2nd,0,,Ari,93.2,8,5,2,67,0,0,0,94,48,45,33,107,3,8,4.32,2.41,10.28,3.17,3.24,0.29,109.8,61.3,-0.2,2.1,0.9
Jake Diekman,32,RP,PHI,5.000,V,2019,,Phi,61.2,5,4,1,52,0,0,0,37,19,17,35,68,3,8,2.48,3.35,9.92,5.11,1.94,0.44,63.9,86.3,1.3,0.6,0.9
Jonathan Holder,26,RP,TOR,3.111,V,2023,Y,Tor,100.0,5,3,1,69,0,0,0,97,45,40,23,88,7,6,3.60,3.06,7.92,2.07,3.83,0.63,93.7,79.7,0.6,1.3,0.9
Josh Hader,25,RP,LAA,0.975,3rd,0,,LAA,76.0,5,6,23,62,0,0,0,45,27,27,38,120,9,5,3.20,3.10,14.21,4.50,3.16,1.07,83.8,81.3,0.8,0.9,0.9
Mike Soroka,21,SP,MIN,0.500,XXX,0,,Min,189.2,4,17,0,33,33,0,0,196,105,91,54,146,24,22,4.32,4.18,6.93,2.56,2.70,1.14,110.9,107.4,0.8,1.1,0.9
Ryan Yarbrough,27,SP,MIA,1.000,V,2019,Y,Mil/Mia,95.3,3,3,2,29,13,0,0,96,45,42,27,81,9,11,3.94,3.60,7.59,2.53,3.01,0.84,100.7,91.9,0.6,1.1,0.9
Ryne Stanek,27,SP,SEA,0.500,1st,0,,Sea,171.2,7,14,0,32,32,0,0,151,84,78,75,203,27,12,4.09,4.21,10.64,3.93,2.71,1.42,106.4,109.6,1.1,0.8,0.9
Silvino Bracho,26,RP,LAA,1.887,4th,0,,LAA,88.0,4,5,4,63,0,0,0,68,28,28,28,99,11,5,2.86,3.55,10.13,2.86,3.54,1.13,74.9,93.0,1.3,0.5,0.9
A.J. Minter,25,RP,NYA,0.750,2nd,0,,NYA,80.0,7,6,19,82,0,0,0,63,29,28,24,89,10,4,3.15,3.52,10.01,2.70,3.71,1.13,80.3,89.8,1.0,0.6,0.8
Alex Colome,30,RP,DET,1.365,3rd,0,,Det,91.2,4,5,13,87,0,0,0,88,43,42,23,87,5,9,4.12,2.79,8.54,2.26,3.78,0.49,105.4,71.3,0.0,1.6,0.8
Brandon Kintzler,34,RP,HOU,1.500,V,2019,,Hou,97.0,4,4,7,89,0,0,0,92,32,29,27,48,8,14,2.69,4.14,4.45,2.51,1.78,0.74,70.5,108.4,1.7,-0.1,0.8
Chris Martin,33,RP,CIN,5.750,V,2020,Y,Cin,82.1,8,5,3,76,0,0,0,96,41,32,20,60,5,10,3.50,3.28,6.56,2.19,3.00,0.55,89.9,84.3,0.6,0.9,0.8
Daniel Norris,26,SP,OAK,1.050,2nd,0,,Oak,72.2,2,4,2,41,4,0,0,61,31,28,35,86,4,6,3.47,3.02,10.65,4.34,2.46,0.50,89.4,77.7,0.6,1.0,0.8
Derek Law,28,RP,TAM,2.550,V,2020,,Tam,72.1,5,4,11,64,0,0,0,63,27,23,19,56,6,10,2.86,3.54,6.97,2.36,2.95,0.75,74.9,92.7,1.1,0.5,0.8
Jumbo Diaz,35,RP,BAL,1.000,V,2019,,Bal,98.2,5,3,3,87,0,0,0,92,43,30,49,81,9,14,2.74,4.26,7.39,4.47,1.65,0.82,70.1,108.9,1.7,-0.2,0.8
Matt Andriese,29,SP,CLE,5.991,6th,0,,NYN,51.1,1,5,0,9,9,0,0,42,21,19,12,39,4,5,3.33,3.42,6.84,2.10,3.25,0.70,87.2,89.5,0.8,0.8,0.8
Matt Grace,30,RP,MIN,1.350,V,2019,,Min,83.1,6,7,2,62,0,0,0,76,37,32,28,70,5,13,3.46,3.33,7.56,3.02,2.50,0.54,88.8,85.5,0.7,0.8,0.8
Scott Alexander,29,RP,MIA,6.200,V,2021,,Mia,79.1,3,2,4,71,0,0,0,75,32,26,33,60,5,15,2.95,3.78,6.81,3.74,1.82,0.57,75.7,97.0,1.2,0.3,0.8
Zack Godley,29,SP,KC,16.000,V,2021,,KC,146.1,6,11,0,29,28,0,0,143,74,68,63,142,19,17,4.18,4.26,8.73,3.88,2.25,1.17,107.3,109.4,0.8,0.7,0.8
Danny Barnes,29,RP,HOU,2.150,V,2019,,Hou,101.0,4,7,5,98,0,0,0,83,40,34,30,95,14,12,3.03,4.03,8.47,2.67,3.17,1.25,79.4,105.7,1.3,0.0,0.7
Dellin Betances,31,RP,MIA,5.915,5th,0,,Mia,58.1,4,3,1,56,0,0,0,50,27,26,33,103,4,1,4.01,2.28,15.89,5.09,3.12,0.62,103.0,58.5,0.1,1.4,0.7
Giovanny Gallegos,27,RP,LAN,1.876,V,2019,,LAN,118.1,7,2,7,85,0,0,0,112,54,50,38,136,14,10,3.80,3.42,10.34,2.89,3.58,1.07,99.2,89.4,0.4,0.9,0.7
Justin Wilson,31,RP,PHI,4.000,V,2020,Y,Phi,55.2,3,1,1,47,0,0,0,42,23,21,26,79,5,6,3.40,2.95,12.77,4.20,3.04,0.81,87.6,76.0,0.5,0.8,0.7
Kyle Crockett,27,SP,NYM,1.800,V,2021,Y,NYN,79.1,5,3,4,66,1,0,0,82,38,33,20,71,5,14,3.74,3.01,8.06,2.27,3.55,0.57,98.0,78.8,0.3,1.1,0.7
Logan Shore,24,SP,MIL,0.500,XXX,0,,Mil,90.0,3,7,0,23,15,0,0,91,48,41,20,57,10,5,4.10,4.07,5.70,2.00,2.85,1.00,104.6,103.7,0.6,0.7,0.7
Matt Barnes,29,RP,TOR,0.650,2nd,0,,Tor,81.2,8,5,17,66,0,0,0,78,35,32,38,107,8,8,3.53,3.27,11.79,4.19,2.82,0.88,91.9,85.1,0.6,0.8,0.7
Raynel Espinal,25,SP,KC,1.000,V,2019,,Tam/KC,163.2,8,9,0,31,31,0,0,134,75,70,60,176,32,11,3.85,4.71,9.68,3.30,2.92,1.76,100.1,122.5,1.5,-0.2,0.7
Sean Manaea,27,SP,PHI,1.203,3rd,0,,Phi,197.1,14,13,0,34,34,0,0,210,103,96,66,155,25,19,4.38,4.30,7.07,3.01,2.35,1.14,112.8,110.8,0.6,0.8,0.7
Shawn Armstrong,28,RP,CHA,2.555,V,2020,Y,ChA,72.0,5,1,2,56,0,0,0,57,32,29,31,94,7,6,3.63,3.17,11.75,3.88,3.03,0.88,92.3,80.5,0.5,0.9,0.7
Antonio Senzatela,24,SP,SF,0.500,XXX,0,,SF,167.2,10,13,0,30,30,0,0,162,90,77,69,120,17,19,4.13,4.34,6.44,3.70,1.74,0.91,108.9,114.5,0.8,0.4,0.6
Chris Bassitt,30,SP,PHI,1.500,V,2020,Y,Phi,190.0,13,12,0,36,33,1,1,179,105,92,77,143,22,22,4.36,4.44,6.77,3.65,1.86,1.04,112.3,114.3,0.7,0.5,0.6
Cory Gearrin,33,RP,MIN,1.800,V,2019,,Min,75.0,5,3,2,54,0,0,0,65,36,30,21,71,7,4,3.60,3.38,8.52,2.52,3.38,0.84,92.4,86.8,0.5,0.7,0.6
Dane Dunning,24,SP,LAA,0.500,XXX,0,,LAA,89.2,6,7,0,19,17,0,0,86,45,40,28,69,10,8,4.01,4.07,6.93,2.81,2.46,1.00,105.1,106.6,0.6,0.5,0.6
David Robertson,34,RP,SD,9.557,V,2020,,SD,71.1,4,4,3,56,0,0,0,59,25,24,27,88,10,4,3.03,3.71,11.10,3.41,3.26,1.26,79.7,97.6,0.9,0.3,0.6
Edubray Ramos,26,RP,OAK,4.500,V,2020,,Oak,77.0,6,4,7,66,0,0,0,64,33,30,37,76,5,9,3.51,3.53,8.88,4.33,2.05,0.58,90.4,91.0,0.6,0.6,0.6
German Marquez,24,SP,ARI,0.650,2nd,0,,Tor/Ari,201.3,15,11,0,34,34,0,0,185,113,102,66,225,35,11,4.54,4.23,10.03,2.94,3.47,1.56,117.0,108.9,0.3,1.0,0.6
Hector Rondon,31,RP,DET,4.766,5th,0,,Det,89.1,3,1,5,82,0,0,0,79,38,37,20,92,11,8,3.73,3.43,9.27,2.02,4.60,1.11,95.5,87.9,0.4,0.8,0.6
Jared Hughes,33,RP,WAS,4.000,V,2020,Y,Was,102.0,5,3,8,74,0,0,0,98,53,45,27,73,6,16,3.97,3.35,6.44,2.38,2.70,0.53,102.3,86.3,0.2,1.0,0.6
Jerry Blevins,35,RP,BAL,5.112,V,2019,,Bal,58.0,1,0,3,68,0,0,0,45,24,17,28,56,5,5,2.64,3.86,8.69,4.35,2.00,0.78,67.6,98.8,1.1,0.2,0.6
Joakim Soria,35,RP,SD,3.663,V,2019,,KC/SD,71.1,6,4,15,60,0,0,0,66,36,31,24,79,6,3,3.92,3.11,9.97,3.03,3.33,0.76,102.1,80.7,0.2,0.9,0.6
Juan Minaya,28,RP,PHI,2.000,V,2021,Y,Phi,84.0,2,0,2,56,0,0,0,84,37,34,30,85,7,10,3.64,3.35,9.11,3.21,2.83,0.75,93.8,86.4,0.5,0.8,0.6
Ryan Dull,29,RP,,,,,,Ari,83.1,0,0,7,68,0,0,0,70,38,32,19,82,11,8,3.46,3.65,8.86,2.05,4.32,1.19,88.0,92.9,0.7,0.5,0.6
Will Harris,34,RP,CIN,7.250,V,2020,Y,Cin,92.1,9,1,1,76,0,0,0,96,40,39,21,78,8,7,3.80,3.34,7.60,2.05,3.71,0.78,97.6,85.8,0.4,0.9,0.6
Zac Rosscup,31,RP,MIL,1.000,V,2019,Y,Mil,60.1,3,5,5,57,0,0,0,46,31,30,32,82,1,4,4.48,2.31,12.23,4.77,2.56,0.15,114.3,58.9,-0.3,1.4,0.6
Adam Warren,31,RP,TEX,3.700,V,2019,,Tex,90.1,7,5,0,59,0,0,0,82,44,36,26,91,12,5,3.59,3.80,9.07,2.59,3.50,1.20,90.7,95.9,0.7,0.4,0.5
Andrew Miller,34,RP,ATL,17.500,V,2021,,Atl,75.0,2,1,2,91,0,0,0,65,34,29,29,89,10,2,3.48,3.74,10.68,3.48,3.07,1.20,89.9,96.7,0.6,0.3,0.5
Arodys Vizcaino,28,RP,PIT,6.527,CE,2020,Y,Pit,75.0,5,7,5,65,0,0,0,66,28,27,40,92,8,6,3.24,3.75,11.04,4.80,2.30,0.96,84.3,97.7,0.8,0.3,0.5
Grant Dayton,31,RP,KC,1.000,V,2019,,ChN/KC,78.4,5,5,3,70,0,0,0,67,34,33,29,102,11,5,3.74,3.55,11.58,3.29,3.51,1.25,95.8,90.9,0.4,0.6,0.5
Jake Junis,26,SP,MIA,0.500,XXX,0,,Mia,52.0,4,3,0,10,8,0,0,49,25,24,15,51,6,4,4.15,3.63,8.83,2.60,3.40,1.04,106.6,93.1,0.3,0.7,0.5
Josh Sborz,25,RP,MIL,0.500,XXX,0,,Mil,68.2,4,3,1,58,0,0,0,61,27,25,28,82,9,4,3.28,3.76,10.75,3.67,2.93,1.18,83.7,95.9,0.7,0.3,0.5
Matt Bush,33,RP,CIN,4.200,V,2019,,Cin,83.1,5,3,2,81,0,0,0,71,35,32,35,84,9,4,3.46,3.87,9.07,3.78,2.40,0.97,88.8,99.4,0.7,0.3,0.5
Matt Hall,25,RP,PIT,0.500,XXX,0,,Pit,59.2,3,5,4,51,0,0,0,51,22,21,29,54,4,7,3.17,3.74,8.15,4.37,1.86,0.60,82.5,97.3,0.7,0.2,0.5
Michael Kopech,23,SP,CIN,0.500,XXX,0,,Cin,132.2,6,6,1,37,21,0,0,132,72,65,64,140,18,10,4.41,4.32,9.50,4.34,2.19,1.22,113.2,111.0,0.4,0.5,0.5
Mike Zagurski,36,RP,OAK,1.000,V,2019,,Oak,53.2,5,3,4,49,0,0,0,44,23,22,27,81,6,2,3.69,3.17,13.58,4.53,3.00,1.01,95.1,81.5,0.3,0.6,0.5
Reyes Moronta,26,RP,PHI,0.500,XXX,0,,Phi,60.1,4,3,5,55,0,0,0,50,24,22,32,80,7,2,3.28,3.67,11.93,4.77,2.50,1.04,84.5,94.5,0.6,0.3,0.5
Craig Stammen,35,RP,ARI,2.250,V,2021,Y,Ari,56.2,3,6,9,57,0,0,0,58,25,20,15,63,10,8,3.18,4.09,10.01,2.38,4.20,1.59,80.8,103.9,0.7,0.0,0.4
Jalen Beeks,25,RP,BOS,0.500,XXX,0,,Bos,98.0,10,8,1,62,0,0,0,84,43,40,28,92,13,8,3.67,3.93,8.45,2.57,3.29,1.19,93.3,99.8,0.6,0.3,0.4
Josh Fields,33,RP,SEA,2.876,5th,0,,Sea,82.1,7,5,4,59,0,0,0,77,37,32,20,67,10,5,3.50,3.90,7.32,2.19,3.35,1.09,91.1,101.5,0.6,0.2,0.4
Kelvin Herrera,29,RP,NYA,4.511,CE,2019,,NYA,76.2,4,3,8,75,0,0,0,67,30,28,19,75,13,6,3.29,4.21,8.80,2.23,3.95,1.53,83.9,107.4,0.8,-0.1,0.4
Ken Giles,28,RP,PIT,2.386,5th,0,,Pit,80.1,5,10,6,73,0,0,0,88,44,38,34,93,6,2,4.26,3.15,10.42,3.81,2.74,0.67,110.9,81.9,-0.2,0.9,0.4
Luke Weaver,25,SP,BAL,0.750,2nd,0,,Bal,167.2,9,11,0,32,31,0,0,189,96,86,65,138,20,11,4.62,4.29,7.41,3.49,2.12,1.07,118.2,109.8,0.1,0.8,0.4
Marc Rzepczynski,33,RP,CLE,1.500,V,2019,,Cle,43.0,3,4,7,50,0,0,0,31,16,15,39,50,0,9,3.14,3.62,10.47,8.16,1.28,0.00,81.7,94.1,0.5,0.2,0.4
Matt Albers,36,RP,BOS,1.000,MLI,2019,,Bos,71.0,6,4,7,57,0,0,0,58,32,30,20,72,9,7,3.80,3.69,9.13,2.54,3.60,1.14,96.6,93.7,0.3,0.4,0.4
Michael Pineda,30,SP,MIL,16.789,V,2021,,Mil,81.2,5,6,0,18,16,0,0,93,43,42,21,73,11,5,4.63,3.96,8.05,2.31,3.48,1.21,118.1,100.9,0.1,0.7,0.4
Sonny Gray,29,SP,WAS,7.786,CE,2020,,Was,187.1,7,14,1,36,32,0,0,180,113,98,83,179,23,9,4.71,4.24,8.60,3.99,2.16,1.11,121.3,109.1,-0.1,0.9,0.4
Trevor Rosenthal,29,RP,OAK,4.500,V,2021,Y,Oak,55.2,1,2,9,50,0,0,0,44,24,23,31,82,6,3,3.72,3.35,13.26,5.01,2.65,0.97,95.8,86.2,0.3,0.5,0.4
Ty Blach,28,SP,KC,0.650,2nd,0,,KC,132.0,8,8,0,25,22,0,0,133,68,63,39,79,16,17,4.30,4.49,5.39,2.66,2.03,1.09,110.4,115.2,0.6,0.3,0.4
Zach McAllister,31,RP,DET,1.955,4th,0,,Det,37.0,1,6,7,28,0,0,0,36,14,12,7,39,6,3,2.92,3.79,9.49,1.70,5.57,1.46,74.7,97.0,0.6,0.2,0.4
A.J. Cole,27,SP,HOU,1.000,2nd,0,,Hou,196.1,10,15,0,38,35,0,0,186,111,100,72,177,27,14,4.58,4.31,8.11,3.30,2.46,1.24,120.0,112.8,0.0,0.6,0.3
Brock Dykxhoorn,24,SP,MIL,0.500,XXX,0,,Mil,101.1,8,5,0,32,15,0,0,95,56,48,37,96,9,5,4.26,3.58,8.53,3.29,2.60,0.80,108.7,91.2,-0.2,0.7,0.3
Chaz Roe,32,RP,CLE,1.550,V,2018,,Cle,75.2,6,3,5,60,0,0,0,83,36,31,34,72,7,12,3.69,3.87,8.56,4.04,2.12,0.83,96.0,100.7,0.4,0.2,0.3
Colten Brewer,26,RP,KC,1.400,V,2019,Y,KC,61.1,1,3,1,42,0,0,0,48,26,24,34,57,4,10,3.52,3.87,8.36,4.99,1.68,0.59,90.4,99.5,0.5,0.2,0.3
Corey Knebel,27,RP,ARI,3.150,V,2019,,Ari,75.2,6,9,11,59,0,0,0,70,35,33,31,108,13,5,3.93,3.83,12.85,3.69,3.48,1.55,99.9,97.4,0.2,0.3,0.3
D.J. Johnson,29,RP,KC,1.333,V,2019,Y,Tam/KC,63.3,2,3,6,46,0,0,0,40,24,20,25,60,10,6,2.82,4.55,8.44,3.52,2.40,1.41,72.8,118.1,1.1,-0.4,0.3
Garrett Richards,31,SP,SEA,7.040,5th,0,,Sea,159.0,7,11,0,31,31,0,0,141,74,73,72,158,27,27,4.13,4.80,8.94,4.08,2.19,1.53,107.5,124.9,0.9,-0.4,0.3
Julio Teheran,28,SP,BOS,11.000,V,2023,Y,Bos,172.0,7,15,0,32,32,0,0,144,94,90,68,145,22,11,4.71,4.38,7.59,3.56,2.13,1.15,119.7,111.5,0.0,0.7,0.3
Justin Nicolino,27,RP,ATL,0.500,1st,0,,Atl,8.0,1,0,1,8,0,0,0,5,0,0,2,5,0,0,0.00,2.72,5.63,2.25,2.50,0.00,0.0,70.3,0.4,0.1,0.3
Oliver Perez,37,RP,CHA,4.000,V,2020,Y,ChA,48.1,8,3,4,44,0,0,0,42,26,25,9,56,4,2,4.66,2.54,10.43,1.68,6.22,0.75,118.5,64.5,-0.3,1.0,0.3
Richard Lovelady,23,RP,,,,,,Mil,35.2,4,2,4,30,0,0,0,30,15,15,9,37,3,1,3.79,3.00,9.34,2.27,4.11,0.76,96.7,76.4,0.2,0.5,0.3
Roberto Osuna,24,RP,SF,4.268,4th,0,,SF,71.2,5,5,32,68,0,0,0,66,31,31,14,64,8,3,3.89,3.47,8.04,1.76,4.57,1.01,102.6,91.6,0.1,0.5,0.3
Ryan Merritt,27,SP,PHI,1.500,V,2019,,Phi,120.2,6,11,0,24,20,0,0,145,74,68,31,85,12,17,5.07,3.88,6.34,2.31,2.74,0.90,130.6,99.9,-0.6,1.1,0.3
Tony Watson,34,RP,COL,3.759,V,2021,Y,Col,62.0,4,4,4,56,0,0,0,61,28,27,13,53,9,9,3.92,4.03,7.69,1.89,4.08,1.31,95.6,98.2,0.3,0.2,0.3
Trevor Gott,26,RP,STL,1.500,V,2019,,StL,84.2,9,5,0,74,0,0,0,79,42,32,38,61,7,17,3.40,4.20,6.48,4.04,1.61,0.74,88.2,109.0,0.7,-0.1,0.3
Zach Eflin,25,SP,PHI,0.500,XXX,0,,Phi,51.2,4,1,0,10,8,0,0,61,26,22,17,41,7,3,3.83,4.38,7.14,2.96,2.41,1.22,98.7,112.9,0.5,0.2,0.3
Zack Britton,31,RP,COL,5.085,4th,0,,Col,52.2,3,3,26,54,0,0,0,44,24,23,25,44,3,9,3.93,3.72,7.52,4.27,1.76,0.51,95.8,90.6,0.3,0.4,0.3
Aaron Bummer,25,RP,LAN,2.645,V,2020,Y,LAN,76.1,9,5,8,69,0,0,0,79,38,34,20,60,7,12,4.01,3.63,7.07,2.36,3.00,0.83,104.7,94.7,0.0,0.4,0.2
Alex Wood,28,SP,COL,11.614,CE,2020,,Col,51.2,1,5,0,10,10,0,0,50,37,30,22,45,5,5,5.23,4.01,7.84,3.83,2.05,0.87,127.5,97.9,-0.2,0.5,0.2
Anthony DeSclafani,29,SP,MIL,1.887,4th,0,,Mil,53.2,3,4,0,11,10,0,0,58,31,27,9,42,8,5,4.53,4.10,7.04,1.51,4.67,1.34,115.5,104.5,0.1,0.4,0.2
Cam Bedrosian,27,RP,HOU,4.750,V,2020,,Hou,85.0,2,4,4,89,0,0,0,83,37,35,32,82,10,6,3.71,3.95,8.68,3.39,2.56,1.06,97.2,103.5,0.3,0.1,0.2
Drew VerHagen,28,SP,NYA,4.500,V,2022,Y,NYA,85.2,1,2,3,74,2,0,0,99,35,34,40,65,8,13,3.57,4.32,6.83,4.20,1.63,0.84,91.1,110.2,0.6,-0.2,0.2
Ian Krol,28,RP,STL,1.550,V,2020,Y,StL,69.2,3,9,7,58,0,0,0,55,35,30,24,68,8,5,3.88,3.80,8.79,3.10,2.83,1.03,100.6,98.4,0.2,0.2,0.2
Jesse Chavez,35,SP,COL,2.750,V,2019,,Col,50.0,3,2,2,31,1,0,0,56,25,25,11,57,7,3,4.50,3.42,10.26,1.98,5.18,1.26,109.7,83.4,-0.1,0.6,0.2
Jose Alvarado,24,RP,KC,0.500,XXX,0,Y,KC,35.0,3,1,5,30,0,0,0,34,15,15,22,37,1,2,3.86,3.36,9.51,5.66,1.68,0.26,99.1,86.4,0.1,0.3,0.2
Jose Castillo,23,RP,COL,0.500,XXX,0,Y,Col,73.2,1,4,3,67,0,0,0,64,33,32,37,84,10,6,3.91,4.21,10.26,4.52,2.27,1.22,95.3,102.7,0.4,0.1,0.2
Kendall Graveman,28,SP,ATL,0.845,3rd,0,,Atl,14.1,0,2,1,7,1,0,0,13,7,4,5,13,1,3,2.51,3.36,8.16,3.14,2.60,0.63,64.9,86.9,0.3,0.1,0.2
Merrill Kelly,30,SP,ARI,5.250,V,2020,Y,Ari,109.0,3,8,0,27,16,1,0,116,64,56,33,81,15,11,4.62,4.43,6.69,2.73,2.46,1.24,117.5,112.7,0.1,0.3,0.2
Mike Kickham,30,SP,CIN,0.845,3rd,0,,Cin,20.2,3,0,1,14,1,0,0,12,6,5,10,18,2,1,2.18,4.19,7.84,4.36,1.80,0.87,56.0,107.6,0.5,0.0,0.2
Roenis Elias,30,RP,BOS,0.650,2nd,0,,Bos,32.0,1,0,2,29,0,0,0,39,16,15,6,14,1,3,4.22,3.32,3.94,1.69,2.33,0.28,107.3,84.3,0.0,0.3,0.2
Ryan Tepera,31,RP,ARI,2.250,V,2020,,Ari,45.2,1,3,0,32,0,0,0,35,22,21,13,38,4,6,4.14,3.55,7.49,2.56,2.92,0.79,105.3,90.2,0.0,0.3,0.2
Seranthony Dominguez,24,RP,PHI,0.500,XXX,0,,Phi,69.0,3,2,21,60,0,0,0,62,37,29,34,94,10,3,3.78,3.86,12.26,4.44,2.77,1.30,97.4,99.4,0.3,0.2,0.2
Tommy Hunter,32,RP,MIA,2.525,V,2020,,Mia,55.0,6,5,3,46,0,0,0,58,28,24,16,45,5,7,3.93,3.64,7.36,2.62,2.81,0.82,100.9,93.5,0.1,0.3,0.2
Tommy Layne,34,RP,TAM,1.041,V,2019,Y,Tam,41.0,4,4,3,53,0,0,0,31,17,17,14,28,2,2,3.73,3.51,6.15,3.07,2.00,0.44,97.7,92.1,0.2,0.3,0.2
Will Smith,29,RP,BAL,5.112,V,2021,,Bal/Bal,146.2,12,10,54,164,0,0,0,144,82,78,62,218,20,12,4.79,3.29,13.38,3.81,3.52,1.23,122.6,84.2,-1.2,1.6,0.2
Austin Davis,26,SP,SF,2.800,V,2021,Y,SF,64.1,5,6,3,59,1,0,0,67,33,29,31,67,6,11,4.06,3.80,9.37,4.34,2.16,0.84,107.1,100.1,-0.1,0.2,0.1
Braden Shipley,27,SP,LAA,0.500,XXX,0,,LAA,15.2,1,1,0,3,2,0,0,16,8,8,3,10,1,3,4.60,3.35,5.75,1.72,3.33,0.57,120.5,87.7,0.0,0.2,0.1
Cal Quantrill,24,SP,CHC,0.500,XXX,0,,ChN,30.2,2,3,2,14,2,0,0,28,15,11,7,14,4,3,3.23,4.69,4.11,2.05,2.00,1.17,82.7,120.0,0.4,-0.2,0.1
Clayton Richard,35,RP,CLE,12.002,V,2019,,Cle,87.0,4,5,12,73,0,0,0,116,45,39,40,60,5,17,4.03,3.97,6.21,4.14,1.50,0.52,104.9,103.3,0.0,0.1,0.1
Dan Winkler,29,RP,NYA,1.050,2nd,0,,NYA,81.0,4,4,7,86,0,0,0,78,43,37,40,79,7,6,4.11,3.88,8.78,4.44,1.98,0.78,104.8,98.9,0.0,0.3,0.1
Donn Roach,29,RP,LAA,0.500,XXX,0,,LAA,2.1,0,0,1,2,0,0,0,0,0,0,0,0,0,0,0.00,3.22,0.00,0.00,0.00,0.00,0.0,84.4,0.1,0.0,0.1
Joey Wentz,21,SP,BAL,0.500,XXX,0,,Bal,35.0,3,2,2,12,4,0,0,37,17,17,17,26,1,3,4.37,3.56,6.69,4.37,1.53,0.26,111.8,91.2,-0.1,0.2,0.1
John Brebbia,29,SP,DET,2.850,V,2021,Y,Det,101.2,4,7,6,92,2,0,0,103,49,49,31,122,16,5,4.34,3.78,10.80,2.74,3.94,1.42,111.1,96.8,-0.3,0.4,0.1
Josh Tomlin,34,SP,CIN,3.700,V,2019,,Cin,23.0,2,2,1,10,2,0,0,21,10,10,2,16,3,5,3.91,3.79,6.26,0.78,8.00,1.17,100.4,97.2,0.1,0.1,0.1
Kyle Crick,26,RP,CIN,0.845,3rd,0,,Cin,67.1,2,4,1,63,0,0,0,63,33,32,28,66,6,5,4.28,3.67,8.82,3.74,2.36,0.80,109.9,94.2,-0.2,0.4,0.1
Lance Lynn,32,SP,TEX,12.025,CE,2019,,Tex,16.2,1,2,0,4,4,0,0,18,13,10,4,16,2,2,5.40,3.58,8.64,2.16,4.00,1.08,136.4,90.5,-0.1,0.2,0.1
Luis Avilan,29,RP,LAN,2.660,V,2019,Y,LAN,39.0,1,0,3,34,0,0,0,42,17,14,17,37,5,5,3.23,4.30,8.54,3.92,2.18,1.15,84.3,112.2,0.4,-0.1,0.1
Michael Wacha,27,SP,CLE,6.006,6th,0,Y,Cle,181.2,9,11,0,32,32,0,0,195,100,95,65,156,26,12,4.71,4.44,7.73,3.22,2.40,1.29,122.6,115.5,-0.2,0.4,0.1
Oliver Drake,32,RP,ARI,1.501,V,2020,Y,Ari,60.0,4,1,5,61,0,0,0,61,32,31,25,66,5,1,4.65,3.35,9.90,3.75,2.64,0.75,118.2,85.3,-0.4,0.6,0.1
Ray Black,29,RP,TAM,2.500,V,2020,Y,Tam,31.0,2,4,2,26,0,0,0,16,12,12,27,46,3,6,3.48,4.12,13.36,7.84,1.70,0.87,91.2,108.1,0.2,0.0,0.1
Wade Davis,33,RP,SEA,8.000,V,2019,,Sea,71.1,4,1,18,63,0,0,0,46,29,28,34,87,12,4,3.53,4.40,10.98,4.29,2.56,1.51,91.9,114.5,0.5,-0.3,0.1
Wei-Yin Chen,33,SP,SD,1.000,V,2019,,ChN/SD,116.4,7,8,0,22,20,0,0,113,66,61,38,107,20,6,4.70,4.59,8.22,2.90,2.85,1.54,120.3,117.4,0.0,0.1,0.1
Aaron Loup,31,RP,MIL,3.002,V,2020,Y,Mil,48.1,1,3,0,52,0,0,0,49,29,23,20,54,6,3,4.28,3.84,10.06,3.72,2.70,1.12,109.2,98.0,-0.1,0.2,0.0
Adam Conley,29,RP,ARI,1.529,4th,0,,Ari,7.1,0,0,2,9,0,0,0,10,4,4,5,5,0,2,4.91,3.90,6.14,6.14,1.00,0.00,124.8,99.2,-0.1,0.0,0.0
Brett Martin,24,SP,CHA,0.500,XXX,0,,ChA,55.2,2,2,3,34,2,0,0,49,27,25,27,47,5,4,4.04,4.16,7.60,4.37,1.74,0.81,102.7,105.6,0.1,0.0,0.0
Felix Hernandez,33,SP,NYA,22.600,V,2019,,NYA,29.0,2,5,4,19,3,0,0,28,18,15,16,23,1,4,4.66,3.74,7.14,4.97,1.44,0.31,118.9,95.4,-0.2,0.1,0.0
Hector Neris,30,RP,SD,3.166,V,2020,,SD,40.1,1,3,8,35,0,0,0,41,23,19,20,65,7,1,4.24,3.74,14.50,4.46,3.25,1.56,111.5,98.4,-0.1,0.1,0.0
Jacob Turner,28,SP,LAA,0.500,XXX,0,,LAA,7.2,0,1,0,2,1,0,0,4,2,2,2,2,1,0,2.35,5.18,2.35,2.35,1.00,1.17,61.6,135.7,0.2,-0.1,0.0
Jake Barrett,27,RP,LAA,0.845,3rd,0,,LAA,60.2,4,4,4,46,0,0,0,53,27,26,32,57,6,7,3.86,4.21,8.46,4.75,1.78,0.89,101.1,110.3,0.1,-0.1,0.0
Jason Hursh,27,RP,,,,,,SF,50.2,2,5,2,38,0,0,0,49,27,21,31,31,2,9,3.73,4.35,5.51,5.51,1.00,0.36,98.4,114.6,0.2,-0.2,0.0
Jordan Montgomery,26,SP,BOS,0.650,2nd,0,,Bos,78.1,4,5,0,15,15,0,0,80,44,44,21,57,11,5,5.06,4.40,6.55,2.41,2.71,1.26,128.6,111.8,-0.3,0.3,0.0
Jose Alvarez,30,RP,CHA,1.750,V,2019,,ChA,30.1,2,0,0,27,0,0,0,37,17,16,8,38,5,2,4.75,3.65,11.28,2.37,4.75,1.48,120.8,92.8,-0.2,0.2,0.0
Miguel Socolovich,32,RP,STL,2.500,V,2019,Y,StL,81.0,6,3,2,69,0,0,0,86,42,39,21,65,9,11,4.33,3.84,7.22,2.33,3.10,1.00,112.3,99.6,-0.3,0.2,0.0
Nate Jones,33,RP,TEX,3.150,V,2019,,Ari/Tex,32.2,3,1,2,26,0,0,0,39,15,15,10,28,4,5,4.13,4.02,7.71,2.76,2.85,1.10,104.7,101.8,0.0,0.1,0.0
Pedro Strop,34,RP,LAN,4.440,V,2020,,LAN,48.0,4,3,20,48,0,0,0,42,21,21,15,38,6,5,3.94,4.20,7.13,2.81,2.53,1.13,102.9,109.7,0.1,-0.1,0.0
Tyler Thornburg,30,RP,SD,1.050,2nd,0,,SD,76.0,1,3,4,63,0,0,0,59,34,31,43,67,7,5,3.67,4.35,7.93,5.09,1.56,0.83,96.5,114.4,0.3,-0.3,0.0
Corbin Martin,23,RP,MIN,0.500,XXX,0,,Min,80.1,0,5,2,60,0,0,0,100,62,57,35,58,23,9,6.39,6.81,6.50,3.92,1.66,2.58,164.1,174.8,-2.3,-2.7,-2.5
Jon Harris,25,SP,CHC,0.500,XXX,0,,ChN,146.0,3,21,0,35,31,1,1,188,121,112,42,95,26,15,6.90,5.10,5.86,2.59,2.26,1.60,176.6,130.5,-3.6,-0.7,-2.1
Jose Urena,27,SP,SF,0.500,XXX,0,,SF,146.0,5,15,0,30,30,0,0,162,97,94,57,102,31,20,5.79,5.76,6.29,3.51,1.79,1.91,152.7,151.8,-2.1,-2.0,-2.1
Keury Mella,25,RP,CHC,0.500,XXX,0,,ChN,88.0,3,3,1,89,0,0,0,98,64,59,57,72,17,11,6.03,6.04,7.36,5.83,1.26,1.74,154.3,154.5,-2.1,-2.1,-2.1
Brandon Finnegan,26,SP,CHC,5.242,5th,0,,ChN,105.2,4,7,2,53,14,0,0,100,70,65,70,96,16,11,5.54,5.36,8.18,5.96,1.37,1.36,141.8,137.2,-1.8,-1.6,-1.7
Raisel Iglesias,29,RP,CHA,4.245,4th,0,,ChA,42.2,2,4,2,37,0,0,0,48,40,38,26,51,14,2,8.02,6.92,10.76,5.48,1.96,2.95,203.9,176.0,-2.0,-1.4,-1.7
Jorge Guzman,23,RP,CHC,0.500,XXX,0,,ChN,24.1,0,1,1,21,0,0,0,33,29,28,35,16,5,5,10.36,8.89,5.92,12.95,0.46,1.85,265.1,227.6,-1.8,-1.4,-1.6
Daniel Poncedeleon,27,RP,TEX,3.150,V,2020,Y,Tex,48.1,2,3,5,37,0,0,0,53,39,38,36,52,11,5,7.08,6.26,9.68,6.70,1.44,2.05,178.8,158.2,-1.7,-1.2,-1.5
Conner Greene,24,SP,TOR,0.500,XXX,0,,Tor,49.1,0,7,0,10,9,0,0,58,48,42,39,27,9,7,7.66,6.87,4.93,7.12,0.69,1.64,199.3,178.8,-1.6,-1.2,-1.4
Dillon Maples,27,RP,NYM,1.800,V,2020,,NYN,78.2,8,5,1,67,0,0,0,70,52,51,92,116,7,10,5.83,4.94,13.27,10.53,1.26,0.80,152.7,129.4,-1.8,-0.9,-1.4
Josh Staumont,25,SP,NYM,0.500,XXX,0,,NYN,141.0,2,18,0,31,31,0,0,135,98,83,114,144,21,17,5.30,5.54,9.19,7.28,1.26,1.34,138.9,145.2,-1.2,-1.6,-1.4
Michael Lorenzen,27,RP,DET,1.203,3rd,0,,Det,109.1,9,8,2,94,0,0,0,132,70,66,51,82,14,12,5.43,4.79,6.75,4.20,1.61,1.15,139.0,122.5,-1.8,-0.9,-1.4
Brandon Maurer,28,RP,CHC,1.825,4th,0,,ChN,104.0,5,6,0,94,0,0,0,114,66,63,38,75,15,8,5.45,4.75,6.49,3.29,1.97,1.30,139.5,121.6,-1.7,-0.8,-1.3
Dario Alvarez,30,RP,CLE,1.550,V,2019,,Cle,42.2,2,7,7,42,0,0,0,49,40,39,31,49,5,3,8.23,4.63,10.34,6.54,1.58,1.06,214.2,120.4,-2.2,-0.3,-1.3
Edward Paredes,32,RP,NYM,2.125,V,2020,,NYN,71.2,2,5,1,57,0,0,0,79,46,45,45,83,14,7,5.65,5.33,10.42,5.65,1.84,1.76,148.0,139.6,-1.5,-1.2,-1.3
Junior Guerra,34,SP,,,,,,Tor,100.2,4,11,0,20,20,0,0,123,75,72,52,109,19,7,6.44,5.06,9.75,4.65,2.10,1.70,167.6,131.6,-2.0,-0.5,-1.3
Carson Fulmer,25,SP,CHC,0.500,XXX,0,,ChN,142.1,3,12,0,34,30,0,0,162,101,93,89,121,17,12,5.88,4.95,7.65,5.63,1.36,1.08,150.5,126.7,-2.0,-0.5,-1.2
Chris Stratton,28,SP,TEX,0.650,2nd,0,,Bal,60.2,4,5,4,38,2,0,0,66,41,37,27,38,13,10,5.49,6.09,5.64,4.01,1.41,1.93,140.5,155.8,-1.0,-1.5,-1.2
Ryan Eades,27,SP,CHC,0.500,XXX,0,,ChN,172.2,4,16,0,37,31,3,2,188,117,102,78,114,27,21,5.32,5.29,5.94,4.07,1.46,1.41,136.1,135.3,-1.3,-1.2,-1.2
Trevor Cahill,31,SP,STL,1.000,V,2019,,StL,96.0,2,3,0,41,7,0,0,90,62,60,34,80,14,9,5.63,4.51,7.50,3.19,2.35,1.31,146.0,117.0,-1.8,-0.5,-1.2
Brock Stewart,27,SP,CHC,0.500,1st,0,,ChN,168.2,7,16,0,32,32,0,0,178,116,106,64,149,30,10,5.66,4.91,7.95,3.42,2.33,1.60,144.8,125.5,-1.8,-0.4,-1.1
Dominic Leone,27,SP,NYM,6.000,V,2022,,NYN,75.0,1,0,1,56,1,0,0,90,50,46,31,74,13,11,5.52,4.74,8.88,3.72,2.39,1.56,144.6,124.2,-1.4,-0.7,-1.1
John Gant,26,SP,MIN,0.650,2nd,0,,Min,90.2,2,4,1,65,2,0,0,100,60,49,47,77,15,9,4.86,5.23,7.64,4.67,1.64,1.49,124.8,134.3,-0.9,-1.3,-1.1
Nick Kingham,27,SP,NYM,0.500,1st,0,,NYN,137.1,1,19,0,26,26,0,0,165,92,87,34,97,24,15,5.70,4.82,6.36,2.23,2.85,1.57,149.3,126.4,-1.8,-0.4,-1.1
Ryan Brasier,31,SP,WAS,3.000,V,2022,Y,Was,92.2,5,9,5,65,2,0,0,121,64,58,36,75,12,16,5.63,4.45,7.28,3.50,2.08,1.17,145.0,114.7,-1.8,-0.4,-1.1
Seth Lugo,29,SP,BOS,3.000,V,2020,Y,Bos,119.2,3,8,2,37,15,1,0,127,80,73,30,107,20,10,5.49,4.36,8.05,2.26,3.57,1.50,139.6,110.8,-1.9,-0.3,-1.1
Seung-hwan Oh,36,RP,STL,8.000,V,2020,Y,StL,24.1,1,5,0,24,0,0,0,27,21,21,14,15,7,2,7.77,7.45,5.55,5.18,1.07,2.59,201.5,193.3,-1.1,-1.0,-1.1
Gio Gonzalez,33,SP,PIT,21.775,V,2020,,Pit,74.0,1,1,1,21,12,0,0,89,53,48,30,76,18,1,5.84,5.55,9.24,3.65,2.53,2.19,152.0,144.3,-1.1,-0.8,-1.0
Marco Estrada,35,SP,DET,17.500,V,2019,,Det,157.0,4,16,0,30,29,0,0,172,100,90,44,124,34,6,5.16,5.30,7.11,2.52,2.82,1.95,132.0,135.6,-0.9,-1.1,-1.0
Robbie Erlin,28,SP,TAM,0.500,XXX,0,,Tam,109.2,3,5,3,47,12,0,0,118,56,54,23,78,22,12,4.43,5.04,6.40,1.89,3.39,1.81,116.1,131.9,-0.6,-1.4,-1.0
Tony Cingrani,29,RP,KC,1.510,V,2019,,KC,31.2,2,4,2,34,0,0,0,40,27,24,22,43,9,3,6.82,6.28,12.22,6.25,1.96,2.56,175.1,161.4,-1.1,-0.9,-1.0
Yusmeiro Petit,34,RP,LAA,4.500,V,2019,,LAA,90.2,1,3,4,58,0,0,0,100,51,48,14,81,22,6,4.76,5.05,8.04,1.39,5.79,2.18,124.7,132.4,-0.9,-1.2,-1.0
Chasen Shreve,28,RP,MIN,2.250,V,2020,,Min,73.0,5,3,5,63,0,0,0,58,42,40,39,84,15,3,4.93,5.19,10.36,4.81,2.15,1.85,126.6,133.4,-0.8,-1.0,-0.9
Dennis Santana,23,SP,ATL,0.500,XXX,0,,Atl,77.2,8,7,3,72,3,0,0,93,50,50,38,70,8,9,5.79,4.23,8.11,4.40,1.84,0.93,149.6,109.2,-1.7,-0.1,-0.9
Derek Holland,32,SP,SEA,1.000,V,2019,,Sea,58.0,5,2,4,37,1,0,0,57,37,36,22,58,12,3,5.59,5.05,9.00,3.41,2.64,1.86,145.5,131.4,-1.1,-0.7,-0.9
Adam Ottavino,33,RP,CIN,5.000,V,2020,Y,Cin,62.0,3,6,22,69,0,0,0,48,43,39,43,88,10,5,5.66,4.56,12.77,6.24,2.05,1.45,145.3,117.1,-1.2,-0.4,-0.8
Dylan Bundy,26,SP,OAK,4.083,4th,0,,Oak,163.2,7,14,0,30,30,0,0,161,101,97,46,135,30,12,5.33,4.80,7.42,2.53,2.94,1.65,137.3,123.6,-1.3,-0.3,-0.8
Greg Holland,33,RP,BAL,8.250,V,2020,,Bal,81.1,2,1,4,78,0,0,0,74,49,42,59,81,11,13,4.65,5.16,8.96,6.53,1.37,1.22,119.0,132.1,-0.5,-1.1,-0.8
Kyle Barraclough,29,RP,PIT,0.845,3rd,0,,Pit,17.1,0,2,2,19,0,0,0,21,18,16,22,22,4,2,8.31,7.49,11.42,11.42,1.00,2.08,216.2,194.9,-0.9,-0.7,-0.8
Robert Stephenson,26,SP,NYM,0.500,XXX,0,,NYN,143.2,9,13,0,42,26,0,0,134,86,83,93,155,20,10,5.20,4.82,9.71,5.83,1.67,1.25,136.2,126.2,-1.1,-0.5,-0.8
Sergio Romo,36,RP,BOS,2.000,V,2020,Y,Bos,65.0,6,2,1,55,0,0,0,71,39,35,22,63,16,2,4.85,5.50,8.72,3.05,2.86,2.22,123.3,139.8,-0.6,-1.1,-0.8
Ty Buttrey,26,RP,HOU,5.500,V,2023,Y,Hou,70.2,2,3,1,73,0,0,0,73,39,38,49,78,10,5,4.84,4.93,9.93,6.24,1.59,1.27,126.8,129.3,-0.7,-0.8,-0.8
Cody Allen,30,RP,SEA,6.902,CE,2020,,Sea,89.1,8,6,3,70,0,0,0,87,58,53,34,103,13,3,5.34,3.95,10.38,3.43,3.03,1.31,139.0,102.8,-1.5,0.1,-0.7
Daniel Coulombe,29,RP,,,,,,Pit,7.0,0,1,2,9,0,0,0,16,12,12,5,2,2,0,15.43,8.51,2.57,6.43,0.40,2.57,401.5,221.4,-0.9,-0.4,-0.7
Daniel Hudson,32,SP,SF,2.270,V,2019,,SF,50.2,1,1,0,38,1,0,0,48,27,24,25,47,12,1,4.26,5.93,8.35,4.44,1.88,2.13,112.4,156.3,-0.2,-1.2,-0.7
Emilio Pagan,28,RP,KC,1.510,V,2019,,KC,50.1,2,5,1,35,0,0,0,47,34,33,21,48,8,0,5.90,4.63,8.58,3.76,2.29,1.43,151.5,118.9,-1.1,-0.3,-0.7
Kyle Gibson,31,SP,MIN,1.529,4th,0,,Min,199.1,12,16,0,32,32,2,1,231,120,106,71,140,35,28,4.79,5.17,6.32,3.21,1.97,1.58,123.0,132.7,-0.3,-1.1,-0.7
Matthew Bowman,28,RP,TEX,4.500,V,2021,,Tex,36.2,1,0,1,27,0,0,0,48,28,28,14,39,7,4,6.87,4.72,9.57,3.44,2.79,1.72,173.5,119.2,-1.2,-0.2,-0.7
Tommy Kahnle,29,RP,CLE,6.250,V,2019,,Tor/Cle,74.0,2,3,1,47,0,0,0,70,50,46,43,88,8,13,5.60,3.99,10.70,5.23,2.17,0.97,145.7,103.9,-1.4,0.1,-0.7
Trevor Oaks,26,SP,LAA,0.925,2nd,0,,LAA,64.2,2,5,0,11,11,0,0,79,45,42,26,37,10,9,5.85,5.29,5.15,3.62,1.42,1.39,153.3,138.7,-0.9,-0.5,-0.7
Ben Heller,27,RP,SF,1.500,V,2019,Y,SF,79.0,4,6,3,66,0,0,0,81,53,48,44,88,6,9,5.47,3.65,10.03,5.01,2.00,0.68,144.3,96.3,-1.5,0.4,-0.6
Cole Sulser,29,RP,KC,1.400,V,2019,Y,KC,23.2,1,2,0,14,0,0,0,31,24,18,16,33,5,1,6.85,5.21,12.55,6.09,2.06,1.90,175.9,133.7,-0.8,-0.3,-0.6
Jimmy Yacabonis,27,SP,SD,1.000,MLI,2019,,SD,97.2,7,2,0,42,11,0,0,79,49,42,50,62,12,12,3.87,5.08,5.71,4.61,1.24,1.11,101.7,133.7,0.2,-1.3,-0.6
Lou Trivino,27,RP,TAM,5.750,V,2021,Y,Tam,82.0,6,5,3,83,0,0,0,82,50,44,26,67,12,14,4.83,4.44,7.35,2.85,2.58,1.32,126.5,116.3,-0.9,-0.4,-0.6
Mike Fiers,34,SP,DET,4.385,6th,0,,Det,166.1,6,12,1,34,31,0,0,190,101,94,55,140,30,13,5.09,4.87,7.58,2.98,2.55,1.62,130.3,124.7,-0.8,-0.4,-0.6
Blake Parker,34,RP,KC,7.002,V,2020,,KC,67.1,5,1,5,55,0,0,0,62,35,32,29,80,15,1,4.28,5.03,10.69,3.88,2.76,2.01,109.9,129.2,-0.1,-0.8,-0.5
Brandon Workman,30,RP,WAS,2.384,5th,0,,Was,36.1,4,0,0,22,0,0,0,55,27,25,8,28,5,2,6.19,4.13,6.94,1.98,3.50,1.24,159.5,106.4,-0.9,0.0,-0.5
Caleb Smith,27,SP,TAM,3.666,V,2021,Y,Tam,48.2,1,2,1,38,1,0,0,51,29,29,23,49,6,5,5.36,4.23,9.06,4.25,2.13,1.11,140.4,110.8,-0.8,-0.1,-0.5
Chad Kuhl,26,SP,MIL,0.650,2nd,0,,Mil,69.0,1,9,1,18,12,0,0,63,50,42,36,65,12,6,5.48,5.16,8.48,4.70,1.81,1.57,139.8,131.7,-0.6,-0.4,-0.5
James Hoyt,32,RP,TEX,2.050,V,2019,,Tex,72.1,5,8,7,52,0,0,0,69,44,43,33,94,12,4,5.35,4.15,11.70,4.11,2.85,1.49,135.1,104.8,-1.0,0.0,-0.5
Joe Ross,26,SP,HOU,0.845,3rd,0,,Hou,152.1,4,15,0,30,30,0,0,156,94,81,47,111,26,11,4.79,4.91,6.56,2.78,2.36,1.54,125.5,128.6,-0.4,-0.6,-0.5
Jonathan Loaisiga,24,SP,MIA,0.500,XXX,0,,Mia,51.2,2,4,1,21,8,0,0,59,32,30,22,53,8,6,5.23,4.46,9.23,3.83,2.41,1.39,134.3,114.5,-0.7,-0.2,-0.5
Nick Tropeano,28,SP,,,,,,Tor,66.2,3,7,0,16,15,0,0,79,46,43,30,62,10,5,5.80,4.66,8.37,4.05,2.07,1.35,150.9,121.3,-0.9,-0.1,-0.5
Shelby Miller,28,RP,HOU,5.000,V,2023,,Hou,17.2,0,2,3,20,0,0,0,23,13,13,8,14,4,4,6.62,5.94,7.13,4.08,1.75,2.04,173.4,155.6,-0.6,-0.4,-0.5
Steve Cishek,33,SP,CLE,2.816,V,2019,,Cle,72.1,5,5,4,59,1,0,0,62,33,32,38,68,13,11,3.98,5.25,8.46,4.73,1.79,1.62,103.6,136.7,0.1,-1.1,-0.5
Steven Brault,27,SP,HOU,0.500,XXX,0,,Hou,209.2,12,19,0,38,35,0,0,191,113,106,105,169,30,19,4.55,4.97,7.25,4.51,1.61,1.29,119.2,130.3,0.1,-1.0,-0.5
Xavier Cedeno,32,RP,WAS,5.750,V,2020,Y,Was,55.0,3,3,5,50,0,0,0,55,37,31,26,44,7,5,5.07,4.69,7.20,4.26,1.69,1.15,130.6,120.9,-0.7,-0.4,-0.5
Aaron Barrett,31,RP,ATL,4.500,V,2019,,Atl,70.2,3,5,3,77,0,0,0,63,38,35,36,68,9,4,4.46,4.48,8.66,4.59,1.89,1.15,115.3,115.8,-0.3,-0.4,-0.4
Archie Bradley,26,SP,COL,0.650,2nd,0,,Col,63.0,5,2,3,51,2,0,0,73,40,37,25,72,11,2,5.29,4.40,10.29,3.57,2.88,1.57,129.0,107.2,-0.7,-0.1,-0.4
Drew Steckenrider,28,RP,KC,1.000,V,2019,,ChN/KC,58.1,4,3,9,57,0,0,0,65,35,33,18,65,10,5,5.09,4.15,10.02,2.78,3.61,1.54,130.5,106.2,-0.7,0.0,-0.4
Franklin Perez,21,SP,CHC,0.500,XXX,0,,ChN,27.2,0,3,1,16,2,0,0,25,21,20,15,20,2,2,6.51,4.34,6.51,4.88,1.33,0.65,166.6,111.1,-0.8,-0.1,-0.4
J.B. Wendelken,26,SP,,,,,,Tor,28.1,1,2,0,13,5,0,0,26,19,18,19,31,4,2,5.72,4.88,9.85,6.04,1.63,1.27,148.8,127.0,-0.6,-0.3,-0.4
Jimmie Sherfy,27,RP,ATL,1.800,V,2020,,Atl,81.2,12,4,3,82,0,0,0,77,41,39,45,86,12,10,4.30,4.68,9.48,4.96,1.91,1.32,111.1,120.9,-0.2,-0.6,-0.4
Jimmy Herget,25,RP,SEA,0.500,XXX,0,,Sea,42.0,0,2,1,36,0,0,0,40,25,23,27,33,4,3,4.93,4.82,7.07,5.79,1.22,0.86,128.3,125.3,-0.5,-0.4,-0.4
Kevin Shackelford,30,RP,PHI,1.000,MLI,2019,,Phi,5.0,0,0,0,3,0,0,0,7,7,7,4,4,2,1,12.60,9.22,7.20,7.20,1.00,3.60,324.6,237.5,-0.5,-0.3,-0.4
Adam Kolarek,30,SP,TOR,1.995,V,2020,Y,Tor,65.0,3,5,3,46,5,0,0,69,37,32,41,44,3,5,4.43,4.36,6.09,5.68,1.07,0.42,115.3,113.4,-0.3,-0.3,-0.3
Brian Flynn,29,SP,WAS,0.845,3rd,0,,Was,143.1,6,10,6,77,11,0,0,163,83,68,73,89,8,24,4.27,4.23,5.59,4.58,1.22,0.50,110.0,109.0,-0.3,-0.3,-0.3
Corbin Burnes,24,SP,CIN,0.500,XXX,0,,Cin,86.0,3,9,5,46,12,0,0,89,58,52,42,82,4,8,5.44,3.38,8.58,4.40,1.95,0.42,139.7,86.9,-1.4,0.8,-0.3
Erik Swanson,25,SP,KC,2.100,V,2021,Y,KC,18.0,1,1,0,4,3,0,0,25,18,16,8,16,3,0,8.00,4.94,8.00,4.00,2.00,1.50,205.4,126.9,-0.6,-0.1,-0.3
Ervin Santana,36,SP,LAA,12.500,V,2019,,LAA,176.0,8,13,0,31,31,0,0,182,107,99,37,127,27,10,5.06,4.40,6.49,1.89,3.43,1.38,132.6,115.4,-1.0,0.4,-0.3
Jaime Schultz,28,SP,LAA,0.500,XXX,0,,LAA,33.0,1,1,0,18,2,0,0,32,15,14,20,35,7,6,3.82,5.68,9.55,5.46,1.75,1.91,100.1,148.7,0.1,-0.7,-0.3
Kyle Hendricks,29,SP,SD,7.852,5th,0,,SD,177.1,12,9,0,29,29,0,0,178,101,86,43,118,34,15,4.36,5.11,5.99,2.18,2.74,1.73,114.6,134.3,0.4,-1.1,-0.3
Mychal Givens,29,RP,DET,1.825,4th,0,,Det,98.1,6,5,5,89,0,0,0,109,63,59,43,107,8,10,5.40,3.41,9.79,3.94,2.49,0.73,138.2,87.4,-1.6,0.9,-0.3
Nick Vincent,32,RP,CLE,1.991,V,2019,,Cle,84.2,4,2,3,72,0,0,0,81,45,43,24,80,12,5,4.57,4.02,8.50,2.55,3.33,1.28,118.9,104.7,-0.6,0.0,-0.3
Pat Neshek,38,RP,KC,8.000,V,2019,,KC,53.0,6,4,0,46,0,0,0,63,31,26,14,58,12,3,4.42,4.77,9.85,2.38,4.14,2.04,113.5,122.4,-0.2,-0.4,-0.3
Pedro Baez,31,RP,LAN,3.000,V,2021,Y,LAN,73.1,4,10,4,57,0,0,0,75,50,38,37,86,9,8,4.66,3.99,10.56,4.54,2.32,1.11,121.7,104.0,-0.6,0.0,-0.3
Randall Delgado,29,RP,BOS,5.424,5th,0,,Bos,83.2,2,3,3,62,0,0,0,74,38,34,30,69,16,5,3.66,5.13,7.42,3.23,2.30,1.72,93.0,130.5,0.5,-1.0,-0.3
Richard Rodriguez,29,RP,CHA,4.155,V,2021,Y,ChA,63.1,2,4,3,41,0,0,0,54,30,30,20,62,13,4,4.26,4.88,8.81,2.84,3.10,1.85,108.3,124.0,-0.1,-0.6,-0.3
Ryan Madson,38,RP,ARI,4.000,V,2019,,Tor/Ari,67.1,4,5,4,58,0,0,0,66,38,35,18,69,12,8,4.68,4.29,9.22,2.41,3.89,1.60,120.7,110.6,-0.5,-0.2,-0.3
Tanner Houck,23,RP,CHC,0.500,XXX,0,,ChN,28.2,0,1,3,17,0,0,0,29,15,15,14,29,6,1,4.71,5.38,9.11,4.40,2.07,1.88,120.5,137.8,-0.2,-0.4,-0.3
Tyler Jay,25,RP,CHC,0.500,XXX,0,,ChN,136.0,8,5,3,106,0,0,0,139,75,63,49,92,15,18,4.17,4.38,6.09,3.24,1.88,0.99,106.7,112.2,-0.1,-0.5,-0.3
Bobby Wahl,27,RP,LAA,0.500,XXX,0,,LAA,73.1,3,4,2,51,0,0,0,55,33,33,44,80,9,6,4.05,4.44,9.82,5.40,1.82,1.11,106.1,116.2,0.0,-0.4,-0.2
Brian Moran,30,RP,,,,,,Bal,8.1,0,0,0,5,0,0,0,7,6,6,6,7,1,0,6.48,5.26,7.56,6.48,1.17,1.08,165.8,134.6,-0.2,-0.1,-0.2
Bryse Wilson,21,SP,ARI,0.500,XXX,0,,Ari,142.1,5,10,0,28,28,0,0,144,89,84,39,142,26,11,5.31,4.42,8.98,2.47,3.64,1.64,135.0,112.4,-1.0,0.5,-0.2
Carl Edwards Jr.,27,RP,CHA,0.925,2nd,0,,ChA,39.2,3,0,3,36,0,0,0,36,21,21,21,52,6,3,4.76,4.15,11.80,4.77,2.48,1.36,121.0,105.6,-0.3,0.0,-0.2
Collin McHugh,32,SP,WAS,16.660,V,2019,,Was,187.0,8,14,0,36,33,1,0,212,125,108,74,164,24,12,5.20,4.32,7.89,3.56,2.22,1.16,134.0,111.4,-1.2,0.7,-0.2
Donnie Hart,28,SP,SF,2.100,V,2020,,SF,78.1,4,4,2,61,1,0,0,62,36,33,37,48,7,11,3.79,4.57,5.52,4.25,1.30,0.80,100.0,120.7,0.2,-0.6,-0.2
Francisco Liriano,35,SP,,,,,,Was,119.0,2,9,0,25,22,0,0,117,66,63,61,118,18,15,4.76,4.74,8.92,4.61,1.93,1.36,122.6,122.2,-0.2,-0.1,-0.2
Hunter Strickland,30,RP,SEA,4.000,V,2019,,Sea,79.0,2,5,7,63,0,0,0,69,47,40,26,63,8,2,4.56,3.93,7.18,2.96,2.42,0.91,118.7,102.3,-0.5,0.1,-0.2
Jacob Barnes,29,RP,NYA,3.042,V,2020,,NYA,87.1,4,7,3,86,0,0,0,89,47,41,44,83,10,8,4.23,4.32,8.55,4.53,1.89,1.03,107.9,110.2,-0.1,-0.2,-0.2
Jaime Barria,22,SP,BOS,0.500,XXX,0,,Bos,35.2,0,4,0,6,6,0,0,40,25,25,12,28,4,6,6.31,4.12,7.07,3.03,2.33,1.01,160.4,104.7,-0.6,0.3,-0.2
Jeff Samardzija,34,SP,TOR,1.000,V,2019,,Tor,73.2,1,7,0,14,12,1,0,67,42,39,27,47,10,2,4.76,4.81,5.74,3.30,1.74,1.22,123.9,125.2,-0.1,-0.2,-0.2
JT Chargois,28,RP,CHA,1.000,MLI,2019,,ChA,41.1,2,3,2,30,0,0,0,39,26,21,25,46,5,3,4.57,4.38,10.02,5.44,1.84,1.09,116.2,111.4,-0.2,-0.1,-0.2
Kodi Medeiros,23,SP,NYM,0.500,XXX,0,,NYN,58.0,1,3,3,37,2,0,0,58,40,30,42,55,2,5,4.66,3.95,8.53,6.52,1.31,0.31,122.1,103.4,-0.5,0.1,-0.2
Paul Fry,26,RP,NYA,4.000,V,2021,Y,NYA,91.0,9,5,4,93,0,0,0,90,51,49,37,88,9,13,4.85,3.79,8.70,3.66,2.38,0.89,123.7,96.7,-0.8,0.4,-0.2
Ross Stripling,29,SP,NYA,0.845,3rd,0,,NYA,178.0,6,9,0,31,31,0,0,179,103,94,58,170,35,11,4.75,4.85,8.60,2.93,2.93,1.77,121.2,123.6,-0.1,-0.3,-0.2
Sam Tuivailala,26,SP,SF,0.845,3rd,0,,SF,14.2,1,2,0,13,1,0,0,18,15,12,7,16,1,1,7.36,3.36,9.82,4.30,2.29,0.61,194.1,88.6,-0.6,0.1,-0.2
Steven Okert,27,RP,TOR,2.750,V,2019,,Tor,67.1,1,5,4,61,0,0,0,73,43,35,28,82,10,6,4.68,3.96,10.96,3.74,2.93,1.34,121.8,103.1,-0.5,0.1,-0.2
Trevor Williams,27,SP,CLE,5.000,V,2022,,Cle,177.1,10,14,0,34,34,0,0,184,100,90,75,133,25,18,4.57,4.82,6.75,3.81,1.77,1.27,118.9,125.5,0.1,-0.5,-0.2
Alec Mills,27,SP,HOU,3.800,V,2020,,Hou,135.2,6,11,0,25,25,0,0,143,77,69,35,89,21,11,4.58,4.70,5.90,2.32,2.54,1.39,120.0,123.0,0.0,-0.2,-0.1
Amir Garrett,27,RP,TEX,0.500,XXX,0,,Tex,24.0,1,1,3,18,0,0,0,20,10,10,9,23,5,2,3.75,5.14,8.63,3.38,2.56,1.88,94.7,129.8,0.1,-0.3,-0.1
Angel Perdomo,25,SP,NYM,0.500,XXX,0,,NYN,83.0,4,6,2,31,14,0,0,67,37,32,65,71,6,7,3.47,4.80,7.70,7.05,1.09,0.65,90.9,125.7,0.6,-0.8,-0.1
Brad Ziegler,39,RP,MIL,1.000,V,2019,Y,Mil,73.2,4,6,9,71,0,0,0,92,38,34,24,43,7,14,4.15,4.27,5.25,2.93,1.79,0.86,105.9,108.8,0.0,-0.1,-0.1
Brandon Morrow,34,RP,HOU,10.000,V,2020,,Hou,82.2,1,3,3,79,0,0,0,72,42,40,23,80,11,6,4.35,3.85,8.71,2.50,3.48,1.20,114.0,100.9,-0.4,0.2,-0.1
Brian Johnson,28,SP,NYM,0.500,XXX,0,,NYN,148.1,7,7,2,55,20,0,0,136,73,65,66,120,14,17,3.94,4.17,7.28,4.00,1.82,0.85,103.2,109.1,0.2,-0.3,-0.1
Curtis Taylor,23,RP,BOS,0.500,XXX,0,,Bos,93.2,2,2,5,61,0,0,0,70,42,40,46,88,13,11,3.84,4.62,8.46,4.42,1.91,1.25,97.6,117.5,0.4,-0.6,-0.1
Dan Jennings,32,RP,,,,,,KC,23.1,1,1,1,20,0,0,0,24,12,12,9,15,2,3,4.63,4.21,5.79,3.47,1.67,0.77,118.9,108.0,-0.2,0.0,-0.1
Deck McGuire,30,SP,LAA,0.650,2nd,0,,LAA,5.0,0,0,0,1,1,0,0,5,4,4,2,3,1,0,7.20,5.82,5.40,3.60,1.50,1.80,188.6,152.5,-0.1,-0.1,-0.1
Hector Velazquez,30,RP,STL,2.000,V,2019,,StL,86.2,2,3,3,75,0,0,0,88,45,36,40,70,11,6,3.74,4.64,7.27,4.15,1.75,1.14,97.0,120.4,0.4,-0.6,-0.1
Jacob Nix,23,SP,KC,0.500,XXX,0,,KC,30.1,0,3,0,6,6,0,0,38,21,19,10,25,4,3,5.64,4.28,7.42,2.97,2.50,1.19,144.8,109.8,-0.3,0.1,-0.1
Jake McGee,32,RP,,,,,,ChN,34.1,1,2,2,26,0,0,0,39,19,19,16,39,4,5,4.98,3.86,10.22,4.19,2.44,1.05,127.4,98.8,-0.4,0.1,-0.1
Joe Smith,35,RP,CIN,6.250,V,2020,Y,Cin,84.0,3,2,5,78,0,0,0,85,42,40,20,83,14,9,4.29,4.13,8.89,2.14,4.15,1.50,110.2,105.9,-0.2,0.0,-0.1
Kenley Jansen,31,RP,NYM,13.500,V,2021,Y,NYN,73.1,1,7,18,67,0,0,0,65,36,35,25,95,13,2,4.30,3.96,11.66,3.07,3.80,1.60,112.7,103.7,-0.3,0.1,-0.1
Luke Jackson,27,RP,MIA,1.050,2nd,0,,Mia,12.0,1,1,0,8,0,0,0,14,7,7,4,12,2,2,5.25,4.39,9.00,3.00,3.00,1.50,134.8,112.7,-0.2,0.0,-0.1
Marco Gonzales,27,SP,DET,0.900,2nd,0,,Det,89.1,9,2,4,25,12,0,0,82,42,41,24,68,12,8,4.13,4.25,6.85,2.42,2.83,1.21,105.7,108.8,0.0,-0.1,-0.1
Nick Gardewine,25,RP,SF,1.650,V,2020,Y,SF,75.0,4,4,0,64,0,0,0,75,38,34,35,61,7,8,4.08,4.21,7.32,4.20,1.74,0.84,107.6,111.0,-0.1,-0.2,-0.1
Nick Goody,27,RP,TOR,1.999,V,2020,,Tor,36.0,0,1,1,24,0,0,0,34,18,17,10,47,8,2,4.25,4.33,11.75,2.50,4.70,2.00,110.6,112.7,-0.1,-0.1,-0.1
Sean Doolittle,32,RP,WAS,7.209,CE,2019,,Was,88.0,5,7,10,72,0,0,0,89,46,43,17,104,17,6,4.40,3.95,10.64,1.74,6.12,1.74,113.3,101.7,-0.3,0.2,-0.1
Steven Matz,28,SP,ATL,2.397,4th,0,,Atl,31.1,2,4,1,19,3,0,0,33,19,17,11,31,4,5,4.88,3.96,8.90,3.16,2.82,1.15,126.1,102.2,-0.3,0.0,-0.1
Taylor Clarke,26,RP,PIT,0.500,XXX,0,,Pit,5.2,0,0,1,4,0,0,0,9,5,5,1,6,1,0,7.94,3.93,9.53,1.59,6.00,1.59,206.6,102.2,-0.3,0.0,-0.1
Tyler Mahle,24,SP,SF,0.500,XXX,0,,SF,17.0,0,1,0,3,3,0,0,18,9,8,6,15,4,2,4.24,5.57,7.94,3.18,2.50,2.12,111.8,147.0,0.1,-0.2,-0.1
Tyler Olson,29,RP,TEX,1.760,V,2019,,Tex,25.1,2,0,2,24,0,0,0,24,13,13,12,34,5,2,4.62,4.52,12.08,4.26,2.83,1.78,116.7,114.3,-0.1,-0.1,-0.1
Tyson Ross,32,SP,CLE,2.841,5th,0,,Cle,45.1,0,3,0,10,10,0,0,50,29,29,22,40,3,2,5.76,3.77,7.94,4.37,1.82,0.60,149.9,98.2,-0.6,0.5,-0.1
